Site,Model / ablation,RMSE 0-2h,RMSE 2-5h,RMSE 5h+,CRPS 0-2h,CRPS 2-5h,CRPS 5h+,PIT-KS 5h+,cov90 5h+,sharp 5h+,n
Woodwalton,"WienerNet-SS (ALD, primary)",1.21 ± 0.13,2.21 ± 0.54,3.57 ± 1.66,0.605 ± 0.079,1.151 ± 0.275,2.011 ± 1.062,0.340 ± 0.194,0.530 ± 0.181,4.36 ± 1.77,5
Woodwalton,WienerNet-SS (Gaussian),2.94 ± 1.33,6.83 ± 3.15,10.41 ± 2.87,1.312 ± 0.442,3.136 ± 1.196,5.453 ± 1.514,0.226 ± 0.111,0.701 ± 0.111,16.17 ± 2.69,5
Woodwalton,WienerNet-SS (beta-NLL),1.57 ± 0.48,3.22 ± 1.38,6.12 ± 3.62,0.796 ± 0.225,1.696 ± 0.719,3.377 ± 2.323,0.266 ± 0.180,0.669 ± 0.189,8.93 ± 1.31,5
Woodwalton,WienerNet-SS (Student-t),1.31 ± 0.12,2.52 ± 0.44,4.02 ± 0.85,0.658 ± 0.066,1.283 ± 0.204,2.155 ± 0.477,0.209 ± 0.148,0.702 ± 0.177,8.47 ± 2.46,5
Woodwalton,WienerNet-SS (mixture),1.20 ± 0.15,2.16 ± 0.59,2.93 ± 0.79,0.624 ± 0.067,1.177 ± 0.191,1.643 ± 0.289,0.199 ± 0.079,0.907 ± 0.055,12.69 ± 4.15,5
Woodwalton,WienerNet-SS (+residual),1.39 ± 0.55,2.71 ± 1.73,4.81 ± 4.71,0.716 ± 0.298,1.500 ± 1.009,2.835 ± 2.908,0.344 ± 0.158,0.560 ± 0.245,5.48 ± 3.50,5
Woodwalton,WienerNet-SS (predicted-k),1.74 ± 0.73,3.73 ± 2.33,7.20 ± 4.96,1.102 ± 0.495,2.734 ± 1.723,5.603 ± 3.985,0.639 ± 0.220,0.307 ± 0.393,8.04 ± 9.64,5
Woodwalton,WienerNet-SS (state-space),1.33 ± 0.22,2.34 ± 0.72,3.95 ± 2.03,0.626 ± 0.102,1.173 ± 0.345,2.142 ± 1.018,0.271 ± 0.125,0.604 ± 0.171,6.18 ± 4.48,5
Woodwalton,"WienerNet-SS (state-space, +residual)",1.54 ± 0.37,3.10 ± 0.99,5.91 ± 1.18,0.770 ± 0.124,1.627 ± 0.305,3.318 ± 0.789,0.355 ± 0.123,0.640 ± 0.239,10.51 ± 6.12,5
Woodwalton,"WienerNet-SS (state-space, predicted-k)",2.41 ± 0.93,5.88 ± 2.56,10.61 ± 4.08,1.371 ± 0.505,3.431 ± 1.586,6.552 ± 3.179,0.474 ± 0.164,0.657 ± 0.331,19.75 ± 11.64,5
Woodwalton,WienerNet-SS (ALD + sigma_struct band),1.21 ± 0.13,2.21 ± 0.54,3.57 ± 1.66,0.687 ± 0.058,1.123 ± 0.245,1.887 ± 0.983,0.235 ± 0.172,0.781 ± 0.144,7.19 ± 1.13,5
Woodwalton,"WienerNet-SS (given-diurnal, Wiener)",1.07 ± 0.00,1.64 ± 0.00,1.97 ± 0.00,0.518 ± 0.004,0.843 ± 0.015,1.037 ± 0.029,0.143 ± 0.062,0.685 ± 0.102,3.59 ± 0.99,5
Woodwalton,"WienerNet-SS (given-diurnal, state-sp)",1.07 ± 0.00,1.64 ± 0.00,1.97 ± 0.00,0.524 ± 0.024,0.857 ± 0.051,1.076 ± 0.104,0.159 ± 0.053,0.731 ± 0.169,5.29 ± 3.89,5
Woodwalton,Neural SDE (Gaussian),1.95 ± 0.80,4.28 ± 2.23,7.54 ± 4.79,1.083 ± 0.406,2.494 ± 1.309,4.730 ± 3.184,0.350 ± 0.251,0.707 ± 0.255,16.63 ± 3.01,5
Woodwalton,Neural SDE (Student-t),1.31 ± 0.40,2.42 ± 1.28,3.39 ± 1.89,0.677 ± 0.198,1.309 ± 0.634,1.870 ± 0.952,0.211 ± 0.093,0.844 ± 0.068,10.64 ± 3.22,5
Woodwalton,Neural SDE (ALD),1.26 ± 0.28,2.23 ± 0.86,3.03 ± 1.14,0.626 ± 0.127,1.154 ± 0.342,1.628 ± 0.472,0.297 ± 0.069,0.636 ± 0.176,6.08 ± 4.04,5
Woodwalton,Mean-variance (Gaussian),1.12 ± 0.02,1.78 ± 0.09,2.30 ± 0.22,0.714 ± 0.052,1.202 ± 0.092,1.526 ± 0.141,0.259 ± 0.050,0.989 ± 0.005,15.12 ± 2.14,5
Woodwalton,Mean-variance (Student-t),1.10 ± 0.01,1.70 ± 0.03,2.20 ± 0.14,0.573 ± 0.049,0.945 ± 0.075,1.237 ± 0.138,0.195 ± 0.036,0.905 ± 0.017,8.98 ± 1.76,5
Woodwalton,Mean-variance (ALD),1.11 ± 0.10,1.81 ± 0.38,2.36 ± 0.92,0.598 ± 0.092,1.013 ± 0.215,1.311 ± 0.405,0.226 ± 0.083,0.891 ± 0.080,9.46 ± 3.93,5
Woodwalton,Analytical SDE (Gaussian),1.04,1.59,1.92,0.773,1.301,1.871,0.328,0.998,22.66,1
Woodwalton,Analytical SDE (Student-t),1.04,1.59,1.92,0.514,0.828,1.060,0.215,0.957,8.51,1
Woodwalton,MDN (mixture),1.09 ± 0.02,1.72 ± 0.08,2.19 ± 0.19,0.602 ± 0.080,1.030 ± 0.149,1.332 ± 0.163,0.291 ± 0.057,0.950 ± 0.021,11.75 ± 2.88,5
Woodwalton,Random Forest,1.67 ± 0.17,1.84 ± 0.13,1.95 ± 0.15,—,—,—,—,—,—,5
Woodwalton,XGBoost,2.52 ± 0.19,2.71 ± 0.11,2.79 ± 0.14,—,—,—,—,—,—,5
Rosedene,"WienerNet-SS (ALD, primary)",1.57 ± 0.02,1.72 ± 0.07,2.14 ± 0.19,0.729 ± 0.008,0.855 ± 0.048,1.135 ± 0.082,0.212 ± 0.019,0.967 ± 0.015,10.01 ± 1.64,5
Rosedene,WienerNet-SS (Gaussian),1.61 ± 0.05,1.99 ± 0.27,2.84 ± 0.50,0.864 ± 0.048,1.274 ± 0.126,1.853 ± 0.264,0.252 ± 0.031,0.982 ± 0.017,18.05 ± 1.51,5
Rosedene,WienerNet-SS (beta-NLL),1.63 ± 0.09,1.95 ± 0.24,2.66 ± 0.73,0.769 ± 0.037,1.033 ± 0.110,1.484 ± 0.297,0.213 ± 0.070,0.974 ± 0.015,12.22 ± 2.03,5
Rosedene,WienerNet-SS (Student-t),1.57 ± 0.02,1.70 ± 0.08,2.18 ± 0.21,0.752 ± 0.026,0.946 ± 0.073,1.288 ± 0.106,0.232 ± 0.035,0.991 ± 0.004,12.66 ± 1.45,5
Rosedene,WienerNet-SS (mixture),1.58 ± 0.01,1.69 ± 0.05,2.10 ± 0.21,0.756 ± 0.037,0.983 ± 0.111,1.372 ± 0.190,0.252 ± 0.022,0.990 ± 0.012,15.44 ± 3.25,5
Rosedene,WienerNet-SS (+residual),1.60 ± 0.07,1.80 ± 0.25,2.36 ± 0.79,0.744 ± 0.034,0.910 ± 0.103,1.240 ± 0.203,0.221 ± 0.041,0.974 ± 0.015,11.65 ± 2.42,5
Rosedene,WienerNet-SS (predicted-k),2.12 ± 0.50,2.16 ± 0.46,2.10 ± 0.43,0.880 ± 0.159,0.988 ± 0.187,1.184 ± 0.173,0.258 ± 0.049,0.978 ± 0.009,11.51 ± 2.37,5
Rosedene,WienerNet-SS (state-space),2.15 ± 0.53,2.19 ± 0.54,2.17 ± 0.60,0.895 ± 0.164,1.005 ± 0.211,1.187 ± 0.230,0.230 ± 0.065,0.974 ± 0.024,10.92 ± 2.30,5
Rosedene,"WienerNet-SS (state-space, +residual)",2.17 ± 0.56,2.36 ± 0.76,2.76 ± 1.29,0.939 ± 0.220,1.179 ± 0.392,1.572 ± 0.674,0.276 ± 0.061,0.978 ± 0.017,14.34 ± 4.12,5
Rosedene,"WienerNet-SS (state-space, predicted-k)",2.12 ± 0.50,2.15 ± 0.46,2.11 ± 0.43,0.912 ± 0.110,1.112 ± 0.198,1.431 ± 0.553,0.310 ± 0.091,0.990 ± 0.008,13.23 ± 4.99,5
Rosedene,WienerNet-SS (ALD + sigma_struct band),1.57 ± 0.02,1.72 ± 0.07,2.14 ± 0.19,0.818 ± 0.013,0.938 ± 0.046,1.190 ± 0.073,0.243 ± 0.007,0.975 ± 0.015,11.23 ± 1.45,5
Rosedene,"WienerNet-SS (given-diurnal, Wiener)",1.55 ± 0.00,1.58 ± 0.00,1.85 ± 0.00,0.729 ± 0.033,0.836 ± 0.086,1.101 ± 0.133,0.238 ± 0.021,0.974 ± 0.012,10.22 ± 2.26,5
Rosedene,"WienerNet-SS (given-diurnal, state-sp)",1.55 ± 0.00,1.58 ± 0.00,1.85 ± 0.00,0.744 ± 0.013,0.886 ± 0.053,1.193 ± 0.094,0.273 ± 0.024,0.975 ± 0.018,11.88 ± 1.88,5
Rosedene,Neural SDE (Gaussian),1.72 ± 0.10,2.33 ± 0.25,3.39 ± 0.46,0.859 ± 0.065,1.291 ± 0.120,1.915 ± 0.143,0.248 ± 0.040,0.967 ± 0.024,16.33 ± 2.60,5
Rosedene,Neural SDE (Student-t),1.60 ± 0.04,1.81 ± 0.10,2.31 ± 0.27,0.773 ± 0.032,1.028 ± 0.092,1.426 ± 0.116,0.241 ± 0.030,0.977 ± 0.019,13.65 ± 2.65,5
Rosedene,Neural SDE (ALD),1.71 ± 0.12,2.17 ± 0.31,3.17 ± 0.89,0.806 ± 0.107,1.117 ± 0.233,1.685 ± 0.470,0.204 ± 0.085,0.914 ± 0.058,11.91 ± 1.95,5
Rosedene,Mean-variance (Gaussian),1.56 ± 0.01,1.66 ± 0.06,2.11 ± 0.22,0.862 ± 0.043,1.212 ± 0.075,1.659 ± 0.131,0.293 ± 0.028,0.999 ± 0.001,18.82 ± 1.76,5
Rosedene,Mean-variance (Student-t),1.56 ± 0.02,1.65 ± 0.07,2.14 ± 0.25,0.789 ± 0.047,1.057 ± 0.105,1.456 ± 0.206,0.256 ± 0.022,0.998 ± 0.001,15.63 ± 2.35,5
Rosedene,Mean-variance (ALD),1.55 ± 0.02,1.64 ± 0.05,1.97 ± 0.10,0.762 ± 0.051,0.992 ± 0.133,1.409 ± 0.221,0.276 ± 0.031,0.997 ± 0.002,15.49 ± 3.40,5
Rosedene,Analytical SDE (Gaussian),1.55,1.59,1.80,0.864,1.159,1.548,0.310,1.000,17.82,1
Rosedene,Analytical SDE (Student-t),1.55,1.59,1.80,0.736,0.760,0.916,0.144,0.913,5.89,1
Rosedene,MDN (mixture),1.58 ± 0.03,1.68 ± 0.08,2.02 ± 0.16,0.789 ± 0.029,1.076 ± 0.070,1.496 ± 0.137,0.257 ± 0.022,0.998 ± 0.001,17.13 ± 2.11,5
Rosedene,Random Forest,1.52 ± 0.13,1.41 ± 0.19,1.28 ± 0.14,—,—,—,—,—,—,5
Rosedene,XGBoost,1.84 ± 0.15,1.61 ± 0.13,1.40 ± 0.07,—,—,—,—,—,—,5
Redmere 1,"WienerNet-SS (ALD, primary)",5.32 ± 0.54,7.86 ± 0.86,2.96 ± 0.08,1.256 ± 0.068,2.000 ± 0.094,1.421 ± 0.036,0.324 ± 0.028,0.980 ± 0.009,12.09 ± 0.54,5
Redmere 1,WienerNet-SS (Gaussian),5.84 ± 0.21,8.71 ± 0.28,3.37 ± 0.46,22.286 ± 27.489,40.433 ± 50.321,7.846 ± 8.225,0.280 ± 0.015,0.990 ± 0.014,84.18 ± 88.92,5
Redmere 1,WienerNet-SS (beta-NLL),5.52 ± 0.44,8.20 ± 0.77,3.55 ± 0.40,9.428 ± 8.793,16.928 ± 16.043,4.064 ± 2.694,0.268 ± 0.047,0.989 ± 0.005,41.52 ± 29.34,5
Redmere 1,WienerNet-SS (Student-t),3.97 ± 1.59,5.57 ± 2.64,2.82 ± 0.85,2.053 ± 2.192,3.414 ± 4.022,1.697 ± 0.733,0.265 ± 0.032,0.968 ± 0.043,16.84 ± 11.14,5
Redmere 1,WienerNet-SS (mixture),4.45 ± 1.66,6.23 ± 2.75,2.76 ± 0.71,1.132 ± 0.187,1.736 ± 0.391,1.422 ± 0.104,0.281 ± 0.041,0.988 ± 0.015,15.37 ± 1.79,5
Redmere 1,WienerNet-SS (+residual),4.25 ± 1.87,6.38 ± 2.70,2.80 ± 0.58,3.982 ± 6.465,7.083 ± 11.916,2.238 ± 1.742,0.260 ± 0.078,0.991 ± 0.006,28.61 ± 32.86,5
Redmere 1,WienerNet-SS (predicted-k),5.47 ± 0.68,8.00 ± 1.33,2.72 ± 0.09,1.268 ± 0.107,1.946 ± 0.241,1.323 ± 0.158,0.311 ± 0.038,0.992 ± 0.006,13.36 ± 2.49,5
Redmere 1,WienerNet-SS (state-space),4.21 ± 1.04,5.85 ± 1.84,2.67 ± 0.43,4.446 ± 4.959,7.829 ± 9.244,2.313 ± 1.319,0.330 ± 0.039,0.986 ± 0.015,25.97 ± 19.22,5
Redmere 1,"WienerNet-SS (state-space, +residual)",3.65 ± 1.56,5.28 ± 2.48,2.38 ± 0.95,12.212 ± 18.560,22.071 ± 34.092,4.394 ± 4.840,0.314 ± 0.043,0.980 ± 0.013,60.01 ± 82.66,5
Redmere 1,"WienerNet-SS (state-space, predicted-k)",5.25 ± 0.88,7.52 ± 1.65,2.72 ± 0.08,6.205 ± 7.359,10.961 ± 13.417,2.574 ± 1.928,0.304 ± 0.033,0.992 ± 0.005,33.76 ± 31.36,5
Redmere 1,WienerNet-SS (ALD + sigma_struct band),5.32 ± 0.54,7.86 ± 0.86,2.96 ± 0.08,1.310 ± 0.067,2.052 ± 0.092,1.469 ± 0.036,0.335 ± 0.028,0.990 ± 0.008,13.26 ± 0.48,5
Redmere 1,"WienerNet-SS (given-diurnal, Wiener)",1.62 ± 0.00,1.81 ± 0.00,1.43 ± 0.00,0.811 ± 0.011,1.064 ± 0.032,1.176 ± 0.057,0.295 ± 0.012,0.994 ± 0.006,12.33 ± 1.02,5
Redmere 1,"WienerNet-SS (given-diurnal, state-sp)",1.62 ± 0.00,1.81 ± 0.00,1.43 ± 0.00,0.827 ± 0.038,1.086 ± 0.068,1.150 ± 0.047,0.287 ± 0.009,0.987 ± 0.006,11.93 ± 0.76,5
Redmere 1,Neural SDE (Gaussian),640.59 ± 293.77,870.35 ± 399.17,375.13 ± 171.98,42.770 ± 20.973,79.943 ± 39.275,13.621 ± 5.903,0.292 ± 0.036,0.986 ± 0.007,104.69 ± 91.51,5
Redmere 1,Neural SDE (Student-t),216.77 ± 88.56,294.39 ± 120.18,126.98 ± 51.96,26.834 ± 12.844,48.667 ± 23.230,9.042 ± 3.948,0.256 ± 0.062,0.994 ± 0.004,108.00 ± 81.47,5
Redmere 1,Neural SDE (ALD),34.59 ± 46.87,46.86 ± 63.69,20.50 ± 27.28,5.473 ± 4.499,9.825 ± 8.403,2.601 ± 1.208,0.293 ± 0.083,0.990 ± 0.010,22.27 ± 22.40,5
Redmere 1,Mean-variance (Gaussian),79.44 ± 42.16,107.92 ± 57.30,46.53 ± 24.67,6.455 ± 3.281,11.551 ± 6.140,3.080 ± 1.100,0.261 ± 0.028,0.991 ± 0.006,16.94 ± 2.77,5
Redmere 1,Mean-variance (Student-t),67.66 ± 45.00,91.91 ± 61.14,39.67 ± 26.26,5.410 ± 3.359,9.562 ± 6.196,2.588 ± 0.947,0.282 ± 0.033,0.989 ± 0.003,13.17 ± 0.64,5
Redmere 1,Mean-variance (ALD),8.00 ± 9.95,10.70 ± 13.63,4.95 ± 5.72,1.493 ± 0.733,2.321 ± 1.402,1.321 ± 0.260,0.295 ± 0.020,0.995 ± 0.004,11.42 ± 0.46,5
Redmere 1,Analytical SDE (Gaussian),1.60,1.76,1.30,0.902,1.288,1.681,0.309,1.000,20.99,1
Redmere 1,Analytical SDE (Student-t),1.60,1.76,1.30,0.763,0.889,0.811,0.187,0.976,7.14,1
Redmere 1,MDN (mixture),66.86 ± 67.35,90.81 ± 91.53,39.27 ± 39.32,5.772 ± 5.076,10.247 ± 9.661,3.073 ± 1.707,0.283 ± 0.042,0.995 ± 0.005,22.69 ± 7.04,5
Redmere 1,Random Forest,1.46 ± 0.04,1.55 ± 0.06,1.23 ± 0.04,—,—,—,—,—,—,5
Redmere 1,XGBoost,1.52 ± 0.06,1.55 ± 0.08,1.19 ± 0.03,—,—,—,—,—,—,5
Redmere 2,"WienerNet-SS (ALD, primary)",1.86 ± 0.06,1.90 ± 0.17,1.96 ± 0.16,0.896 ± 0.037,1.088 ± 0.129,1.324 ± 0.252,0.277 ± 0.062,0.982 ± 0.022,13.16 ± 4.44,5
Redmere 2,WienerNet-SS (Gaussian),1.84 ± 0.04,1.96 ± 0.16,2.35 ± 0.72,1.000 ± 0.097,1.344 ± 0.251,1.610 ± 0.424,0.283 ± 0.009,0.987 ± 0.012,17.22 ± 4.57,5
Redmere 2,WienerNet-SS (beta-NLL),1.88 ± 0.05,1.98 ± 0.22,2.65 ± 0.83,0.972 ± 0.063,1.278 ± 0.182,1.666 ± 0.381,0.295 ± 0.051,0.968 ± 0.031,15.79 ± 4.50,5
Redmere 2,WienerNet-SS (Student-t),1.84 ± 0.06,1.81 ± 0.13,1.96 ± 0.21,0.895 ± 0.041,1.106 ± 0.105,1.282 ± 0.202,0.285 ± 0.022,0.990 ± 0.012,13.68 ± 2.72,5
Redmere 2,WienerNet-SS (mixture),1.84 ± 0.01,1.82 ± 0.03,1.80 ± 0.07,0.913 ± 0.061,1.198 ± 0.141,1.475 ± 0.244,0.285 ± 0.022,0.998 ± 0.002,18.55 ± 4.19,5
Redmere 2,WienerNet-SS (+residual),1.88 ± 0.05,2.05 ± 0.21,2.36 ± 0.21,0.920 ± 0.050,1.196 ± 0.163,1.528 ± 0.223,0.178 ± 0.069,0.961 ± 0.049,13.94 ± 3.98,5
Redmere 2,WienerNet-SS (predicted-k),1.77 ± 0.09,1.67 ± 0.09,1.52 ± 0.16,0.891 ± 0.049,1.100 ± 0.167,1.408 ± 0.348,0.342 ± 0.057,0.998 ± 0.004,14.97 ± 4.87,5
Redmere 2,WienerNet-SS (state-space),1.78 ± 0.10,1.74 ± 0.15,1.63 ± 0.25,0.866 ± 0.037,1.024 ± 0.094,1.184 ± 0.189,0.248 ± 0.056,0.987 ± 0.015,12.52 ± 3.25,5
Redmere 2,"WienerNet-SS (state-space, +residual)",1.81 ± 0.11,1.84 ± 0.12,1.82 ± 0.26,0.896 ± 0.031,1.098 ± 0.109,1.299 ± 0.211,0.254 ± 0.035,0.981 ± 0.023,12.84 ± 3.25,5
Redmere 2,"WienerNet-SS (state-space, predicted-k)",1.77 ± 0.10,1.68 ± 0.13,1.49 ± 0.20,0.840 ± 0.047,0.965 ± 0.108,1.117 ± 0.212,0.295 ± 0.053,0.996 ± 0.004,11.84 ± 2.55,5
Redmere 2,WienerNet-SS (ALD + sigma_struct band),1.86 ± 0.06,1.90 ± 0.17,1.96 ± 0.16,0.980 ± 0.044,1.169 ± 0.127,1.394 ± 0.242,0.297 ± 0.045,0.989 ± 0.012,14.33 ± 4.08,5
Redmere 2,"WienerNet-SS (given-diurnal, Wiener)",1.82 ± 0.00,1.75 ± 0.00,1.66 ± 0.00,0.877 ± 0.046,1.068 ± 0.144,1.261 ± 0.260,0.284 ± 0.043,0.989 ± 0.012,13.70 ± 4.02,5
Redmere 2,"WienerNet-SS (given-diurnal, state-sp)",1.82 ± 0.00,1.75 ± 0.00,1.66 ± 0.00,0.878 ± 0.053,1.044 ± 0.156,1.231 ± 0.261,0.305 ± 0.044,0.994 ± 0.004,13.16 ± 3.97,5
Redmere 2,Neural SDE (Gaussian),1.96 ± 0.09,2.46 ± 0.61,3.12 ± 1.32,1.029 ± 0.086,1.437 ± 0.265,1.753 ± 0.531,0.243 ± 0.057,0.969 ± 0.041,14.96 ± 2.29,5
Redmere 2,Neural SDE (Student-t),1.87 ± 0.04,1.95 ± 0.12,2.19 ± 0.46,0.900 ± 0.025,1.132 ± 0.078,1.362 ± 0.245,0.275 ± 0.042,0.982 ± 0.030,12.69 ± 1.75,5
Redmere 2,Neural SDE (ALD),1.87 ± 0.04,2.00 ± 0.15,2.29 ± 0.58,0.899 ± 0.035,1.148 ± 0.073,1.443 ± 0.159,0.225 ± 0.036,0.965 ± 0.039,12.69 ± 2.72,5
Redmere 2,Mean-variance (Gaussian),1.83 ± 0.02,1.78 ± 0.03,1.73 ± 0.09,0.943 ± 0.038,1.144 ± 0.064,1.209 ± 0.076,0.291 ± 0.024,0.999 ± 0.001,13.22 ± 0.98,5
Redmere 2,Mean-variance (Student-t),1.84 ± 0.01,1.80 ± 0.06,1.69 ± 0.13,0.884 ± 0.026,1.047 ± 0.087,1.103 ± 0.150,0.235 ± 0.022,0.995 ± 0.005,11.73 ± 3.18,5
Redmere 2,Mean-variance (ALD),1.83 ± 0.01,1.77 ± 0.03,1.67 ± 0.05,0.861 ± 0.020,0.989 ± 0.060,1.104 ± 0.087,0.281 ± 0.021,0.991 ± 0.007,10.89 ± 1.50,5
Redmere 2,Analytical SDE (Gaussian),1.82,1.75,1.71,0.989,1.295,1.717,0.306,0.994,20.52,1
Redmere 2,Analytical SDE (Student-t),1.82,1.75,1.71,0.861,0.880,0.886,0.180,0.947,6.62,1
Redmere 2,MDN (mixture),1.84 ± 0.01,1.79 ± 0.04,1.79 ± 0.11,0.857 ± 0.006,0.983 ± 0.031,1.110 ± 0.060,0.281 ± 0.010,0.992 ± 0.004,11.63 ± 0.81,5
Redmere 2,Random Forest,1.68 ± 0.06,1.63 ± 0.11,1.38 ± 0.13,—,—,—,—,—,—,5
Redmere 2,XGBoost,1.70 ± 0.04,1.69 ± 0.09,1.63 ± 0.17,—,—,—,—,—,—,5
Great Fen,"WienerNet-SS (ALD, primary)",1.70 ± 0.02,1.86 ± 0.05,1.89 ± 0.16,0.941 ± 0.021,1.185 ± 0.079,1.427 ± 0.144,0.267 ± 0.022,0.980 ± 0.015,13.57 ± 2.48,5
Great Fen,WienerNet-SS (Gaussian),1.87 ± 0.22,2.41 ± 0.75,3.19 ± 1.52,1.119 ± 0.109,1.651 ± 0.299,2.284 ± 0.602,0.287 ± 0.089,0.981 ± 0.034,22.60 ± 4.21,5
Great Fen,WienerNet-SS (beta-NLL),1.80 ± 0.08,2.27 ± 0.28,3.21 ± 0.87,1.011 ± 0.046,1.420 ± 0.152,1.997 ± 0.400,0.314 ± 0.083,0.978 ± 0.026,17.56 ± 2.18,5
Great Fen,WienerNet-SS (Student-t),1.74 ± 0.04,2.12 ± 0.22,2.64 ± 0.55,0.984 ± 0.057,1.332 ± 0.196,1.774 ± 0.393,0.279 ± 0.072,0.986 ± 0.006,17.49 ± 5.90,5
Great Fen,WienerNet-SS (mixture),1.74 ± 0.11,2.05 ± 0.52,2.60 ± 1.70,0.975 ± 0.057,1.378 ± 0.228,2.027 ± 0.664,0.247 ± 0.023,0.985 ± 0.031,23.35 ± 7.12,5
Great Fen,WienerNet-SS (+residual),1.76 ± 0.06,2.12 ± 0.31,2.54 ± 1.07,0.984 ± 0.057,1.345 ± 0.224,1.808 ± 0.576,0.248 ± 0.059,0.928 ± 0.127,14.71 ± 3.71,5
Great Fen,WienerNet-SS (predicted-k),1.88 ± 0.18,1.98 ± 0.13,1.79 ± 0.08,1.006 ± 0.073,1.275 ± 0.130,1.601 ± 0.234,0.281 ± 0.050,0.993 ± 0.006,16.87 ± 3.19,5
Great Fen,WienerNet-SS (state-space),1.89 ± 0.18,2.04 ± 0.14,2.05 ± 0.21,0.997 ± 0.059,1.230 ± 0.059,1.520 ± 0.081,0.267 ± 0.083,0.965 ± 0.037,13.54 ± 2.37,5
Great Fen,"WienerNet-SS (state-space, +residual)",1.91 ± 0.18,2.08 ± 0.15,1.97 ± 0.27,0.995 ± 0.069,1.231 ± 0.103,1.445 ± 0.223,0.262 ± 0.065,0.979 ± 0.013,13.11 ± 2.57,5
Great Fen,"WienerNet-SS (state-space, predicted-k)",1.88 ± 0.18,1.97 ± 0.12,1.76 ± 0.06,0.985 ± 0.074,1.169 ± 0.075,1.330 ± 0.077,0.239 ± 0.010,0.992 ± 0.006,13.48 ± 1.53,5
Great Fen,WienerNet-SS (ALD + sigma_struct band),1.70 ± 0.02,1.86 ± 0.05,1.89 ± 0.16,0.971 ± 0.029,1.221 ± 0.078,1.466 ± 0.140,0.274 ± 0.018,0.991 ± 0.007,14.61 ± 2.30,5
Great Fen,"WienerNet-SS (given-diurnal, Wiener)",1.70 ± 0.00,1.79 ± 0.00,1.71 ± 0.00,0.954 ± 0.017,1.153 ± 0.059,1.349 ± 0.136,0.255 ± 0.026,0.982 ± 0.015,13.27 ± 2.42,5
Great Fen,"WienerNet-SS (given-diurnal, state-sp)",1.70 ± 0.00,1.79 ± 0.00,1.71 ± 0.00,0.929 ± 0.006,1.111 ± 0.049,1.264 ± 0.121,0.262 ± 0.028,0.978 ± 0.019,12.15 ± 2.33,5
Great Fen,Neural SDE (Gaussian),1.97 ± 0.19,3.00 ± 0.85,4.74 ± 2.55,1.129 ± 0.107,1.815 ± 0.492,2.847 ± 1.478,0.237 ± 0.073,0.910 ± 0.123,18.97 ± 2.26,5
Great Fen,Neural SDE (Student-t),1.84 ± 0.14,2.45 ± 0.48,3.37 ± 1.31,1.006 ± 0.051,1.422 ± 0.208,2.002 ± 0.604,0.229 ± 0.087,0.942 ± 0.058,14.99 ± 1.35,5
Great Fen,Neural SDE (ALD),1.74 ± 0.05,1.96 ± 0.13,2.20 ± 0.33,0.963 ± 0.022,1.210 ± 0.097,1.510 ± 0.234,0.249 ± 0.044,0.968 ± 0.027,13.10 ± 2.85,5
Great Fen,Mean-variance (Gaussian),1.73 ± 0.05,1.99 ± 0.21,2.30 ± 0.52,0.977 ± 0.039,1.285 ± 0.096,1.575 ± 0.159,0.261 ± 0.053,0.998 ± 0.001,16.30 ± 1.09,5
Great Fen,Mean-variance (Student-t),1.71 ± 0.03,1.94 ± 0.21,2.21 ± 0.57,0.934 ± 0.034,1.141 ± 0.107,1.372 ± 0.214,0.205 ± 0.065,0.978 ± 0.017,12.24 ± 1.86,5
Great Fen,Mean-variance (ALD),1.68 ± 0.01,1.77 ± 0.01,1.71 ± 0.03,0.917 ± 0.003,1.083 ± 0.042,1.248 ± 0.114,0.222 ± 0.040,0.987 ± 0.011,11.89 ± 1.89,5
Great Fen,Analytical SDE (Gaussian),1.69,1.77,1.68,0.970,1.288,1.696,0.262,1.000,20.47,1
Great Fen,Analytical SDE (Student-t),1.69,1.77,1.68,0.928,1.170,1.479,0.240,0.999,17.07,1
Great Fen,MDN (mixture),1.70 ± 0.01,1.82 ± 0.04,1.82 ± 0.11,0.924 ± 0.024,1.129 ± 0.102,1.328 ± 0.165,0.245 ± 0.031,0.996 ± 0.003,14.69 ± 2.34,5
Great Fen,Random Forest,1.50 ± 0.05,1.46 ± 0.07,1.20 ± 0.06,—,—,—,—,—,—,5
Great Fen,XGBoost,1.59 ± 0.09,1.58 ± 0.09,1.33 ± 0.09,—,—,—,—,—,—,5
