site,seed,model,rmse_h0-2,rmse_h2-5,rmse_h5+,covraw_h0-2,covraw_h2-5,covraw_h5+,covfix_h0-2,covfix_h2-5,covfix_h5+,crpsraw_h0-2,crpsraw_h2-5,crpsraw_h5+,crpsfix_h0-2,crpsfix_h2-5,crpsfix_h5+,pitksraw_h0-2,pitksraw_h2-5,pitksraw_h5+,pitksfix_h0-2,pitksfix_h2-5,pitksfix_h5+,cov50raw_h0-2,cov50raw_h2-5,cov50raw_h5+,cov50fix_h0-2,cov50fix_h2-5,cov50fix_h5+,cov95raw_h0-2,cov95raw_h2-5,cov95raw_h5+,cov95fix_h0-2,cov95fix_h2-5,cov95fix_h5+,sharpraw_h0-2,sharpraw_h2-5,sharpraw_h5+,sharpfix_h0-2,sharpfix_h2-5,sharpfix_h5+
woodwalton,4,WN-SS (ALD),1.0619076180157305,1.685391248549169,2.1769227817455943,0.74125,0.7449078564500485,0.6831275720164609,0.9625,0.9321047526673133,0.8823045267489712,0.5167707255506641,0.8781633064845341,1.2670287706373384,0.6336708653823845,0.9089502672280874,1.223397348133216,0.09875,0.10687681862269638,0.18152263374485594,0.21125000000000005,0.16430649854510188,0.17724279835390944,0.51,0.463627546071775,0.4139917695473251,0.85125,0.7061105722599418,0.6049382716049383,0.7875,0.7943743937924346,0.7242798353909465,0.97625,0.9515033947623667,0.9209876543209876,2.0594886884707955,3.619522890553355,5.003121709682414,5.706707040801644,6.586684136126627,7.537500520853225
woodwalton,4,WN-SS (Gaussian),1.676852268891446,3.12443060088088,6.009555578357672,0.68625,0.5761396702230844,0.4205761316872428,,,,0.8061052963783903,1.7235649885835154,3.6811498735592227,,,,0.13875000000000004,0.22372453928225022,0.39831275720164616,,,,0.39,0.30358874878758485,0.1934156378600823,,,,0.72625,0.6217264791464597,0.4469135802469136,,,,2.487969203668879,4.1536354834828115,5.093821908357197,,,
woodwalton,4,WN-SS (beta-NLL),1.2433907916813765,2.387272545896402,5.208067398056407,0.82125,0.7410281280310378,0.5925925925925926,,,,0.6660105075902751,1.3702788048885737,3.1352645254653635,,,,0.09499999999999997,0.12488845780795343,0.24020576131687243,,,,0.6025,0.47623666343355964,0.31522633744855966,,,,0.855,0.7924345295829291,0.642798353909465,,,,3.9144767819764095,6.694050059500435,7.950876347461844,,,
woodwalton,4,WN-SS (Student-t),1.1115636623263414,1.761548711127934,2.651848431758454,0.7125,0.6760426770126091,0.6230452674897119,,,,0.5374347057006862,0.9369508040835989,1.460787286964448,,,,0.12374999999999999,0.16204655674102814,0.1460082304526749,,,,0.46875,0.3947623666343356,0.37119341563786007,,,,0.75125,0.7090203685741998,0.674074074074074,,,,1.9291719772014766,3.386187517241178,4.776872837232664,,,
woodwalton,4,WN-SS (mixture),1.0993320567955562,1.7647970345660682,2.368276037985132,0.66375,0.6915615906886518,0.7135802469135802,,,,0.5398379198140749,0.9135096718163563,1.2763776041579695,,,,0.14875000000000005,0.1359262851600388,0.13987654320987664,,,,0.375,0.38700290979631424,0.4205761316872428,,,,0.73625,0.7623666343355965,0.7728395061728395,,,,1.9725567394252863,3.707072820224113,5.134245367820217,,,
woodwalton,4,WN-SS (+residual),1.267737854825451,2.2638823237887133,3.4771263786003384,0.885,0.8826382153249273,0.8559670781893004,,,,0.621998310826063,1.1267883234101446,1.786751514068262,,,,0.21875,0.25511154219204657,0.30032921810699587,,,,0.6575,0.6391852570320078,0.5925925925925926,,,,0.91375,0.9117361784675073,0.8987654320987655,,,,3.8700180447264567,6.890345675299517,10.084254070668798,,,
woodwalton,4,"WN-SS (given-diurnal, st-sp)",1.0683689129650298,1.6423455968886587,1.9728182551421343,0.83375,0.8234723569350145,0.8699588477366255,0.9675,0.950533462657614,0.9572016460905349,0.5034095337088015,0.8042270690668574,0.9725551882570616,0.633346290416291,0.8716528839169553,1.0249438507871658,0.14,0.10544131910766241,0.067037037037037,0.21124999999999994,0.1669835111542192,0.14312757201646087,0.56375,0.5548011639185257,0.5588477366255145,0.84625,0.7439379243452958,0.7102880658436214,0.865,0.8603297769156159,0.9069958847736626,0.9725,0.9582929194956353,0.968724279835391,2.3105940552819515,3.9292973491998255,5.424483138291863,5.713191860500723,6.606151388808867,7.651960052365872
woodwalton,4,"WN-SS (given-diurnal, Wiener)",1.0683689129650298,1.6423455968886587,1.9728182551421343,0.75875,0.7332686711930165,0.6995884773662552,,,,0.5213163070421198,0.8455412867423248,1.0404383888131559,,,,0.125,0.10142580019398639,0.13176954732510288,,,,0.53125,0.48787584869059164,0.4345679012345679,,,,0.815,0.7837051406401552,0.7786008230452675,,,,2.151359687081538,3.6288668340671837,3.9743746886541875,,,
woodwalton,4,Neural SDE (Gaussian),1.276741993068972,2.419160975845486,3.7391030001149574,0.945,0.9224054316197866,0.8098765432098766,,,,0.6939851663640249,1.2948488333002552,2.200324497806192,,,,0.17625,0.16668283220174585,0.22234567901234564,,,,0.72125,0.6653734238603298,0.5728395061728395,,,,0.9575,0.9456838021338506,0.8576131687242798,,,,5.730953879829496,9.792817024701247,12.852132753443446,,,
woodwalton,4,Neural SDE (Student-t),1.1007128745726362,1.7651454282842631,2.3579950691818112,0.67,0.6673132880698351,0.6773662551440329,,,,0.5497199880963568,0.9600953020406967,1.2504017834388432,,,,0.13,0.13033947623666342,0.12292181069958852,,,,0.45375,0.3957322987390883,0.41316872427983536,,,,0.7025,0.6983511154219205,0.7094650205761317,,,,2.328030503321439,4.2399134076657505,5.878737691291167,,,
woodwalton,4,Neural SDE (ALD),1.096841965019046,1.7906458513023331,2.6865051980225045,0.41375,0.32201745877788557,0.22633744855967078,,,,0.5729012214463558,1.0243649586704515,1.6729407843323354,,,,0.3725,0.49032007759456836,0.6418106995884774,,,,0.17,0.10572259941804074,0.10205761316872428,,,,0.4725,0.3860329776915616,0.2683127572016461,,,,0.5762783681130967,0.992575076025496,1.2832651660913301,,,
woodwalton,4,mean-var (Gaussian),1.0974882037104274,1.6601135619355682,1.9888509899870546,0.8875,0.8797284190106692,0.9308641975308642,,,,0.5643385162002617,0.9299577918526799,1.1430369030663836,,,,0.1725,0.18063045586808923,0.2120576131687243,,,,0.72125,0.6973811833171678,0.7292181069958847,,,,0.91625,0.906886517943744,0.9604938271604938,,,,3.955398367208428,6.764274345529125,9.227761438755248,,,
woodwalton,4,mean-var (Student-t),1.0739935778990575,1.6121715896997697,1.9334699632837111,0.80375,0.8244422890397672,0.8691358024691358,,,,0.5316419124154279,0.8530944117192332,1.056083950461678,,,,0.13375000000000004,0.08537342386032976,0.11065843621399174,,,,0.59,0.6023278370514064,0.6403292181069958,,,,0.83625,0.8477206595538312,0.891358024691358,,,,2.953760919256135,5.277745540164389,7.397026453225225,,,
woodwalton,4,mean-var (ALD),1.065260305759658,1.6536679124570537,2.0027501424278102,0.7675,0.7885548011639185,0.817283950617284,,,,0.513308052782889,0.8371563270161764,1.014820372719657,,,,0.08124999999999999,0.08893307468477207,0.10230452674897117,,,,0.53,0.5286129970902037,0.5703703703703704,,,,0.8225,0.8176527643064986,0.8798353909465021,,,,2.4890425541573205,4.453322682333847,6.171466458500841,,,
woodwalton,4,MDN (mixture),1.0666837736660932,1.6621593572790172,2.0054006023786686,0.71125,0.7555771096023278,0.8493827160493828,,,,0.5073841053528627,0.832749068983975,1.025659362534605,,,,0.10875000000000001,0.11227934044616877,0.13629629629629625,,,,0.3775,0.46071774975751695,0.5604938271604938,,,,0.78625,0.8040737148399612,0.8872427983539095,,,,1.9988395605096592,3.829717723828867,5.690701785185298,,,
woodwalton,4,Random Forest,1.682084190062628,1.4811401876983246,1.5347584005276036,,,,,,,,,,,,,,,,,,,,,,,,,,,,,,,,,,,,
woodwalton,4,XGBoost,2.5333855152130127,2.1920902729034424,2.106559991836548,,,,,,,,,,,,,,,,,,,,,,,,,,,,,,,,,,,,
rosedene,4,WN-SS (ALD),1.587998180985183,1.8589928791270542,2.461657637634322,0.9025,0.9599198396793587,0.9547169811320755,0.9575,0.968937875751503,0.969811320754717,0.7383044413062915,0.93604913345274,1.3281815845267781,0.8343378675344286,1.0165825673458366,1.3715954472425689,0.09375,0.14883767535070136,0.19962264150943398,0.1825,0.2148496993987976,0.24075471698113204,0.61,0.7545090180360722,0.7830188679245284,0.8,0.8466933867735471,0.8188679245283019,0.9375,0.9729458917835672,0.9754716981132076,0.96625,0.9789579158316634,0.9811320754716981,4.572171971512026,7.479243894339816,11.650064149031168,6.793402751092798,9.004759925973783,12.616508988893749
rosedene,4,WN-SS (Gaussian),1.6660647644031896,2.0088328033684957,2.44670871879871,0.8875,0.9198396793587175,0.9264150943396227,,,,0.7667761157138269,1.0437398899888222,1.4373446688474532,,,,0.13,0.2207815631262524,0.2381132075471698,,,,0.61,0.6763527054108216,0.5962264150943396,,,,0.91125,0.9428857715430862,0.9622641509433962,,,,4.54827405335661,7.725057653298709,10.834681733805896,,,
rosedene,4,WN-SS (beta-NLL),1.5843629805120703,1.83342856070817,2.3240421647418463,0.95,0.9829659318637275,0.9924528301886792,,,,0.8006376476372933,1.1118817150288582,1.538242797885149,,,,0.1725,0.21084168336673348,0.23037735849056606,,,,0.77625,0.8797595190380761,0.909433962264151,,,,0.96625,0.9889779559118237,0.9981132075471698,,,,6.673406701555475,11.297131828858868,16.32024859119277,,,
rosedene,4,WN-SS (Student-t),1.5336982964507266,1.679371466924379,2.1865462192117553,0.9025,0.9709418837675351,0.9905660377358491,,,,0.7378949810180455,0.9291923634143726,1.2509220178705867,,,,0.11125000000000002,0.17082164328657315,0.18358490566037736,,,,0.6425,0.8006012024048096,0.8169811320754717,,,,0.93125,0.9839679358717435,0.9905660377358491,,,,5.081128226182888,8.502535033047588,12.644112559497918,,,
rosedene,4,WN-SS (mixture),1.5311864928417123,1.5781157494518034,1.9096516308471254,0.94875,0.9919839679358717,0.9981132075471698,,,,0.7789456435294873,1.0436317989321278,1.4477429965543773,,,,0.1575,0.22178356713426856,0.2539622641509434,,,,0.705,0.8847695390781564,0.9471698113207547,,,,0.9675,0.996993987975952,1.0,,,,6.618057125865946,11.287437848249201,16.77662862133867,,,
rosedene,4,WN-SS (+residual),1.5794619432986612,1.65361016244282,1.9590525876770888,0.97875,0.996993987975952,1.0,,,,0.8072955831986098,1.1414951406772624,1.6377059174672681,,,,0.18875000000000003,0.27781563126252506,0.310377358490566,,,,0.77,0.9288577154308617,0.9716981132075472,,,,0.98875,0.996993987975952,1.0,,,,7.878212090791668,13.408108439554043,19.985320406348073,,,
rosedene,4,"WN-SS (given-diurnal, st-sp)",1.549445544759403,1.582468611153506,1.8535893629183162,0.92375,0.9779559118236473,0.9943396226415094,0.965,0.9849699398797596,0.9962264150943396,0.7610188208734187,0.9541413885784502,1.3278376186401344,0.8489763489947282,1.0253659315187729,1.3709483173404067,0.15625,0.26372745490981964,0.30490566037735845,0.21625,0.272745490981964,0.3092452830188679,0.64875,0.8256513026052105,0.8886792452830189,0.81625,0.8927855711422845,0.8981132075471698,0.9475,0.9849699398797596,0.9962264150943396,0.9775,0.9929859719438878,0.9981132075471698,5.510517638299847,9.222665506354224,14.192660699894406,7.388649951092898,10.462822259327991,15.023330831974741
rosedene,4,"WN-SS (given-diurnal, Wiener)",1.549445544759403,1.582468611153506,1.8535893629183162,0.8875,0.966933867735471,0.9773584905660377,,,,0.7350380037053621,0.8677353719616291,1.2090509264442453,,,,0.12874999999999998,0.22867735470941886,0.2652830188679245,,,,0.57875,0.7685370741482966,0.8358490566037736,,,,0.93,0.9779559118236473,0.9943396226415094,,,,4.746593191790161,7.804588498870556,11.572978600192604,,,
rosedene,4,Neural SDE (Gaussian),1.5995573782584267,1.8777222768377746,2.991707225736307,0.96625,0.9959919839679359,1.0,,,,0.7975953122844842,1.0794111844283205,1.6250213103514637,,,,0.16124999999999998,0.22182364729458917,0.22264150943396227,,,,0.75,0.8947895791583166,0.8773584905660378,,,,0.98125,0.9979959919839679,1.0,,,,6.467585883147665,11.081354600846588,16.55298767462935,,,
rosedene,4,Neural SDE (Student-t),1.5523732878925536,1.7032354063961412,2.2053174033435243,0.93625,0.9809619238476954,0.9962264150943396,,,,0.7811369840459566,1.0382487412059187,1.491560308977201,,,,0.1425,0.19867735470941883,0.24528301886792456,,,,0.6725,0.8236472945891784,0.8811320754716981,,,,0.96,0.9889779559118237,0.9962264150943396,,,,5.8958899987866165,10.140843591715335,16.162619395883013,,,
rosedene,4,Neural SDE (ALD),1.5541643883485508,1.6898736761568707,2.158766336327563,0.95,0.9889779559118237,0.9981132075471698,,,,0.7672960482082651,1.030026862901383,1.5102553217243735,,,,0.14625000000000002,0.22777555110220443,0.2526415094339623,,,,0.69875,0.872745490981964,0.9339622641509434,,,,0.97125,0.9949899799599199,0.9981132075471698,,,,6.51645155907725,11.087345414201659,17.492653108278535,,,
rosedene,4,mean-var (Gaussian),1.5792700993104052,1.8065930283703335,2.664136362258535,0.96375,0.9949899799599199,0.9981132075471698,,,,0.9243515130300349,1.3368975881485405,2.0104171149011263,,,,0.19500000000000006,0.26681362725450897,0.3211320754716981,,,,0.83125,0.9168336673346693,0.9339622641509434,,,,0.98,0.9959919839679359,1.0,,,,8.906496308255008,14.984599177327699,22.604590485554258,,,
rosedene,4,mean-var (Student-t),1.5357587628193372,1.6734535247341358,2.1706794581313096,0.945,0.9869739478957916,0.9981132075471698,,,,0.788544912818636,1.0676657437430424,1.5215506013888775,,,,0.13250000000000003,0.21476953907815632,0.2518867924528302,,,,0.73125,0.8557114228456913,0.9056603773584906,,,,0.96875,0.9949899799599199,0.9981132075471698,,,,6.414803701054304,10.91772384618377,16.819911619752364,,,
rosedene,4,mean-var (ALD),1.527612250177824,1.6137438791704617,1.905774660984216,0.94875,0.9899799599198397,0.9981132075471698,,,,0.7759762506713784,1.0375470318813036,1.5704254486897795,,,,0.1375,0.22979959919839682,0.29509433962264153,,,,0.71875,0.8887775551102205,0.9509433962264151,,,,0.9625,0.9939879759519038,1.0,,,,6.735721413595601,11.552940425431292,18.85027462141553,,,
rosedene,4,MDN (mixture),1.5422732833917092,1.6082125821285949,2.106496397510169,0.96,0.9919839679358717,0.9962264150943396,,,,0.7952612611919585,1.0981964787016056,1.6483493027944898,,,,0.17,0.25274549098196397,0.25415094339622646,,,,0.71875,0.8907815631262525,0.930188679245283,,,,0.97875,0.9959919839679359,1.0,,,,7.020580138850492,12.165438513898986,18.880111882925593,,,
rosedene,4,Random Forest,1.9696089900938678,1.2368378314295356,1.1794027285031128,,,,,,,,,,,,,,,,,,,,,,,,,,,,,,,,,,,,
rosedene,4,XGBoost,2.1152679920196533,1.327986478805542,1.2494417428970337,,,,,,,,,,,,,,,,,,,,,,,,,,,,,,,,,,,,
redmere_1,4,WN-SS (ALD),5.663970250346637,8.514131616526921,3.0199379895662832,0.93,0.9672995780590717,0.9985228951255539,0.97,0.979957805907173,0.9985228951255539,1.3626945908116717,2.252602060400907,1.5617774472478223,1.4252852720536129,2.3014333755760945,1.6184891393881993,0.17,0.2555274261603375,0.3208124076809453,0.24,0.279746835443038,0.3280797636632201,0.65375,0.8080168776371308,0.8626292466765141,0.8275,0.8586497890295358,0.8877400295420975,0.95,0.9778481012658228,0.9985228951255539,0.9775,0.9820675105485233,0.9985228951255539,7.4639671388689885,12.632341844633707,15.180749039294708,9.425192103179171,13.910850966147652,16.193419017591008
redmere_1,4,WN-SS (Gaussian),4.77708123969521,6.967881735447489,2.958630121348282,0.91,0.959915611814346,0.9970457902511078,,,,1.1795543012580263,1.8977400897007795,1.3655837665830473,,,,0.14500000000000002,0.18970464135021098,0.22171344165435747,,,,0.6775,0.7837552742616034,0.8537666174298375,,,,0.92875,0.9704641350210971,0.9985228951255539,,,,5.562292644191533,9.831289322713767,13.364953027583073,,,
redmere_1,4,WN-SS (beta-NLL),4.7546111977788446,6.98077085655678,3.2170750879190537,0.925,0.9852320675105485,1.0,,,,16.16790143107517,29.212544546371547,5.923096261785487,,,,0.16374999999999998,0.22607594936708864,0.23546528803545053,,,,0.71625,0.8322784810126582,0.8626292466765141,,,,0.9425,0.9915611814345991,1.0,,,,182.6265803948832,338.9781578363348,63.82134752618245,,,
redmere_1,4,WN-SS (Student-t),5.714239600880829,8.558172067107293,2.9368101907179103,0.9,0.9556962025316456,0.9970457902511078,,,,1.2580971290900214,2.032834857002474,1.3149330132383708,,,,0.10250000000000004,0.14438818565400843,0.20069423929098967,,,,0.59875,0.7637130801687764,0.8596750369276218,,,,0.92375,0.9683544303797469,0.9985228951255539,,,,5.2867325485402255,9.635603972390404,12.79617503314957,,,
redmere_1,4,WN-SS (mixture),5.873009024482277,8.74611175728356,3.010984653337741,0.92125,0.9672995780590717,0.9955686853766618,,,,1.3087395958301715,2.1318451379083987,1.4822630590232169,,,,0.11124999999999999,0.18860759493670884,0.25057607090103395,,,,0.60125,0.8111814345991561,0.8788774002954209,,,,0.94875,0.9767932489451476,0.9985228951255539,,,,6.956328072178642,12.305729583108342,15.869680055962704,,,
redmere_1,4,WN-SS (+residual),5.75066734736713,8.520181151421072,2.8579176461789504,0.8925,0.9651898734177216,0.9852289512555391,,,,33.16474062907629,61.02530250394072,9.914490720371484,,,,0.13250000000000003,0.2133755274261603,0.28558345642540617,,,,0.565,0.7352320675105485,0.757754800590842,,,,0.92875,0.9767932489451476,0.9911373707533235,,,,593.871353025238,1085.5733980954308,178.09474167938686,,,
redmere_1,4,"WN-SS (given-diurnal, st-sp)",1.6161531600274117,1.8124047905335725,1.425256129355349,0.9175,0.9820675105485233,0.9940915805022157,0.93125,0.9810126582278481,0.9955686853766618,3.8058101601991643,6.628210984952368,2.134594536373333,3.80588175336306,6.631347300353761,2.141134683647908,0.16375,0.27717299578059074,0.3074002954209749,0.17875000000000002,0.279789029535865,0.31183161004431315,0.6275,0.8185654008438819,0.8389955686853766,0.6525,0.8217299578059072,0.8375184638109305,0.945,0.9926160337552743,1.0,0.94875,0.9936708860759493,1.0,54.98521009978815,97.185940573346,28.05449112282634,55.1372826562263,97.29134825731171,28.16170998674376
redmere_1,4,"WN-SS (given-diurnal, Wiener)",1.6161531600274117,1.8124047905335725,1.425256129355349,0.9275,0.979957805907173,0.9955686853766618,,,,7.539535487942963,13.575939496667912,3.1161287210118838,,,,0.17375000000000002,0.2724050632911392,0.34171344165435746,,,,0.64,0.8280590717299579,0.8493353028064993,,,,0.94875,0.989451476793249,0.9985228951255539,,,,128.2657772600473,233.95673962908833,48.71210477925958,,,
redmere_1,4,Neural SDE (Gaussian),1335.1216792117073,1814.0913750680336,781.6118650735376,0.92,0.9736286919831224,0.9911373707533235,,,,64.10854404748272,123.48438978818086,18.677890010029103,,,,0.16749999999999998,0.24345991561181432,0.23807976366322012,,,,0.71625,0.8533755274261603,0.8567208271787297,,,,0.93625,0.9820675105485233,0.9926144756277696,,,,441.7129778250125,820.1639669859783,135.87287976246827,,,
redmere_1,4,Neural SDE (Student-t),167.3515611327819,227.2120301025995,98.04027853770351,0.9,0.9757383966244726,0.9881831610044313,,,,54.698898964796165,99.61949183918246,17.475004195808726,,,,0.14625,0.21443037974683543,0.21330871491875925,,,,0.645,0.8059071729957806,0.8537666174298375,,,,0.93125,0.9862869198312236,0.9926144756277696,,,,838.3541042348594,1531.9899068969012,255.57769137173216,,,
redmere_1,4,Neural SDE (ALD),115.16716348721818,156.51170381261892,67.48035526103418,0.92,0.9672995780590717,0.9896602658788775,,,,7.2889862627426245,12.82113674991194,3.0877924475415655,,,,0.13,0.2159915611814346,0.2534268833087149,,,,0.61875,0.7879746835443038,0.8493353028064993,,,,0.94375,0.979957805907173,0.9955686853766618,,,,112.71407985100988,205.46148750751354,43.21948688111186,,,
redmere_1,4,mean-var (Gaussian),72.40709539303329,98.3455843961778,42.379307934437854,0.93375,0.9672995780590717,0.9985228951255539,,,,6.5919565227164405,11.940107125603198,3.0102040222758224,,,,0.195,0.2345147679324895,0.25251107828655833,,,,0.70875,0.8185654008438819,0.8906942392909897,,,,0.9475,0.9757383966244726,0.9985228951255539,,,,7.3206290458773715,11.988770391846288,15.366914973930735,,,
redmere_1,4,mean-var (Student-t),135.21069841425108,183.67868208705212,79.17276403475431,0.91375,0.9493670886075949,0.9807976366322009,,,,11.498832745128732,21.22919597092938,4.402371966815495,,,,0.16749999999999998,0.20818565400843883,0.2177400295420975,,,,0.64625,0.7869198312236287,0.8183161004431314,,,,0.94,0.9683544303797469,0.9896602658788775,,,,7.0479459513770415,11.474900220733582,13.649489494684966,,,
redmere_1,4,mean-var (ALD),192.44510034581717,261.4544493868236,112.64208969328507,0.9125,0.9578059071729957,0.9970457902511078,,,,15.026294333581495,27.8644483932468,5.382655595734641,,,,0.14125,0.22345991561181436,0.25081240768094537,,,,0.615,0.7795358649789029,0.8138847858197932,,,,0.93875,0.9725738396624473,0.9985228951255539,,,,15.787672332638872,25.26242954657228,14.018919535365335,,,
redmere_1,4,MDN (mixture),138.74247157791126,188.51109160847165,81.20799788189174,0.9075,0.9609704641350211,0.9896602658788775,,,,10.853271717255073,19.992162383821235,4.398360060906327,,,,0.14999999999999997,0.2566666666666667,0.30069423929098965,,,,0.6075,0.8248945147679325,0.8685376661742984,,,,0.9375,0.9767932489451476,0.9940915805022157,,,,15.487388006482739,26.932951092016822,17.594942944238245,,,
redmere_1,4,Random Forest,1.4411238459957894,1.200514624272008,0.8949526055591261,,,,,,,,,,,,,,,,,,,,,,,,,,,,,,,,,,,,
redmere_1,4,XGBoost,1.5228641033172607,1.2787023782730103,0.9002425074577332,,,,,,,,,,,,,,,,,,,,,,,,,,,,,,,,,,,,
redmere_2,4,WN-SS (ALD),1.8056176775272135,1.7190180976530511,1.4926417035120703,0.92875,0.9969604863221885,0.9988038277511961,0.97625,0.9979736575481256,1.0,0.9336914833762386,1.1786466254624688,1.2678578587205087,1.029357980499268,1.2644162110122508,1.3398217493873585,0.17375,0.2628672745694022,0.3398564593301435,0.21500000000000002,0.2778014184397163,0.34626794258373206,0.70875,0.8713272543059777,0.895933014354067,0.83,0.9148936170212766,0.916267942583732,0.955,0.9969604863221885,1.0,0.9925,0.9979736575481256,1.0,7.98407977834437,13.103825246469468,14.413804177889984,9.879363141538109,14.34385745512527,15.434336405422128
redmere_2,4,WN-SS (Gaussian),2.2019817213735364,3.751689218006412,7.0948712531045635,0.96875,0.9878419452887538,0.9174641148325359,,,,1.1403863447872724,1.8663497827433027,2.921662907677019,,,,0.22499999999999998,0.2978014184397163,0.35650717703349283,,,,0.7875,0.8449848024316109,0.7942583732057417,,,,0.98375,0.9989868287740629,0.9569377990430622,,,,10.072092041855678,17.194485054864135,20.516857827572448,,,
redmere_2,4,WN-SS (beta-NLL),1.8789196511722368,1.8041825457593963,1.7516318267478213,0.9325,0.9949341438703141,0.9784688995215312,,,,0.9984803541164914,1.2600404942109882,1.3356558776103409,,,,0.15000000000000002,0.23044579533941234,0.2661722488038277,,,,0.75,0.8915906788247214,0.9198564593301436,,,,0.95,0.9979736575481256,0.9904306220095693,,,,8.384386448668316,13.611634840715483,14.856825654062497,,,
redmere_2,4,WN-SS (Student-t),1.8357682424615982,1.7548565332526984,1.8023230849097778,0.9175,0.9898682877406282,0.9808612440191388,,,,0.9264796597667092,1.1188573894209408,1.144814093035334,,,,0.14125,0.20815602836879432,0.22397129186602874,,,,0.71625,0.8530901722391084,0.8696172248803827,,,,0.9475,0.9918946301925026,0.992822966507177,,,,7.43227750441106,11.758638973006073,11.655936476205916,,,
redmere_2,4,WN-SS (mixture),1.818863023905853,1.798225175568767,1.6853277625794294,0.9175,0.9868287740628167,0.9988038277511961,,,,0.8878245888571443,1.0967444169018732,1.1675608877686445,,,,0.14125,0.2267882472137791,0.27531100478468906,,,,0.66625,0.8459979736575481,0.9055023923444976,,,,0.9525,0.993920972644377,1.0,,,,6.955382272225804,11.64024838530048,13.53402731426363,,,
redmere_2,4,WN-SS (+residual),1.825317679268898,1.7873938011215045,1.8541963551040939,0.9,0.9817629179331308,0.9748803827751196,,,,0.8938579662444647,1.0494380407560435,1.1925993282625642,,,,0.1225,0.19753799392097265,0.275933014354067,,,,0.64,0.7882472137791287,0.757177033492823,,,,0.92875,0.9918946301925026,0.9868421052631579,,,,6.393292866406496,10.274526861023151,10.484262389834063,,,
redmere_2,4,"WN-SS (given-diurnal, st-sp)",1.8162580126337386,1.7512823442385812,1.6597708001313023,0.93125,0.9969604863221885,0.9988038277511961,0.97875,0.9979736575481256,1.0,0.915650884207098,1.122182902218612,1.1968375408315108,1.0048891581906998,1.2090530377358435,1.2671979605138763,0.155,0.24537993920972645,0.32746411483253585,0.20375000000000001,0.2678014184397163,0.33942583732057413,0.69625,0.8703140830800405,0.8899521531100478,0.81125,0.9138804457953394,0.9210526315789473,0.96,0.9979736575481256,1.0,0.9925,0.9979736575481256,1.0,7.594921237139496,12.275128779342923,13.105796898555669,9.42954807822965,13.49343028005586,14.173007622232847
redmere_2,4,"WN-SS (given-diurnal, Wiener)",1.8162580126337386,1.7512823442385812,1.6597708001313023,0.9675,0.9969604863221885,1.0,,,,0.9590345366068206,1.2672003486077499,1.3491647780040212,,,,0.18374999999999997,0.24678824721377915,0.3160287081339713,,,,0.73875,0.9057750759878419,0.9234449760765551,,,,0.985,0.9989868287740629,1.0,,,,9.243032500692177,14.795615346855064,15.5067925574659,,,
redmere_2,4,Neural SDE (Gaussian),2.15725341130284,3.55711917712849,5.637043908782209,0.9225,0.9432624113475178,0.9210526315789473,,,,1.1411210594221246,1.7925990113467927,2.3959854115755026,,,,0.1575,0.19282674772036473,0.2176555023923445,,,,0.71,0.7659574468085106,0.7021531100478469,,,,0.94125,0.9523809523809523,0.9354066985645934,,,,8.905187497179954,14.88683091717288,16.05803122695838,,,
redmere_2,4,Neural SDE (Student-t),1.8490891397337945,1.9153771876975554,2.117581459295598,0.91375,0.9858156028368794,0.9892344497607656,,,,0.9175077556385913,1.1308216425279274,1.2003962199520286,,,,0.1475,0.21489361702127657,0.2570334928229665,,,,0.69125,0.8277608915906788,0.8456937799043063,,,,0.935,0.9908814589665653,0.9940191387559809,,,,6.863408713719807,11.135355893765569,11.315711318785278,,,
redmere_2,4,Neural SDE (ALD),1.8434326457927275,1.868219529512874,1.939525046909839,0.9475,0.9969604863221885,0.9988038277511961,,,,0.9364585050126948,1.2288693884466364,1.2928602646203706,,,,0.17125,0.25537993920972646,0.3071291866028708,,,,0.695,0.8632218844984803,0.8983253588516746,,,,0.9775,0.9989868287740629,1.0,,,,8.050678483577444,12.999628764385662,13.858476810924635,,,
redmere_2,4,mean-var (Gaussian),1.8300965930780082,1.7348435033792589,1.6493389231249775,0.90875,0.983789260385005,0.9988038277511961,,,,0.9408394247298407,1.1422161011255376,1.1593076965021394,,,,0.14125,0.2029989868287741,0.2798564593301435,,,,0.7,0.8530901722391084,0.8325358851674641,,,,0.94125,0.9969604863221885,0.9988038277511961,,,,6.994755957136513,11.42672708497025,12.140012261452393,,,
redmere_2,4,mean-var (Student-t),1.8009156291526491,1.751903205871718,1.7451830175280296,0.89875,0.9898682877406282,0.9952153110047847,,,,0.8782044677479451,1.05230155444842,1.1456931624046438,,,,0.10875000000000001,0.17463019250253295,0.19354066985645932,,,,0.6625,0.795339412360689,0.7799043062200957,,,,0.9325,0.9929078014184397,0.9976076555023924,,,,6.278439845170825,10.273928776380192,11.082591532320498,,,
redmere_2,4,mean-var (ALD),1.8266128424749157,1.8944632210106527,1.740189263187839,0.93375,0.9929078014184397,0.9964114832535885,,,,0.9147038167188732,1.1771756676205039,1.2256216498055095,,,,0.125,0.19234042553191488,0.19320574162679427,,,,0.68625,0.8490374873353597,0.8361244019138756,,,,0.965,0.9979736575481256,0.9988038277511961,,,,7.8651052227294995,12.678153577443162,13.07181583755966,,,
redmere_2,4,MDN (mixture),1.8146487861126654,1.7721671933303187,1.697791107471271,0.8975,0.983789260385005,0.9988038277511961,,,,0.8775444524417136,1.004826104293068,1.061690825485148,,,,0.10125,0.16247213779128677,0.20095693779904306,,,,0.64625,0.7781155015197568,0.8456937799043063,,,,0.92625,0.9959473150962512,1.0,,,,5.940747890500818,9.7024492910881,10.957597313450568,,,
redmere_2,4,Random Forest,1.674793537954902,1.4940689398098281,1.2392357579022155,,,,,,,,,,,,,,,,,,,,,,,,,,,,,,,,,,,,
redmere_2,4,XGBoost,1.8483830690383911,1.589627981185913,1.3411294221878052,,,,,,,,,,,,,,,,,,,,,,,,,,,,,,,,,,,,
great_fen,4,WN-SS (ALD),1.6889156387394146,1.7902090401917563,1.7034354402849743,0.84875,0.9664031620553359,0.9980487804878049,0.945,0.9822134387351779,1.0,0.9820611123882537,1.2151520745750828,1.453324651070894,1.0180550485549529,1.2599706092658436,1.5007233716544086,0.10249999999999998,0.18857707509881425,0.26439024390243904,0.18375,0.22660079051383397,0.26512195121951215,0.5925,0.7450592885375494,0.8829268292682927,0.74875,0.8132411067193676,0.9160975609756098,0.89,0.9822134387351779,1.0,0.96625,0.9891304347826086,1.0,6.7199742249038525,11.349765702773423,15.862628372508032,8.696642079722135,12.559483202970897,16.740925228729477
great_fen,4,WN-SS (Gaussian),1.7705043467876809,2.1762123546838184,2.77340368285169,0.88625,0.958498023715415,0.9765853658536585,,,,0.9951451158315799,1.3254842424355011,1.731247767724028,,,,0.09625000000000006,0.16229249011857705,0.24780487804878049,,,,0.625,0.6887351778656127,0.7112195121951219,,,,0.91375,0.9752964426877471,0.9892682926829268,,,,6.784080277141648,11.156149062777873,14.985605065196753,,,
great_fen,4,WN-SS (beta-NLL),1.7057611285595693,1.846569870642555,1.861146539146986,0.90625,0.991106719367589,0.9990243902439024,,,,0.9691077812739084,1.2178244852314222,1.4725758011185563,,,,0.11875,0.1647826086956522,0.23073170731707315,,,,0.68,0.7865612648221344,0.88,,,,0.93125,0.9970355731225297,1.0,,,,7.078979890421265,11.525923742034026,16.044386969276317,,,
great_fen,4,WN-SS (Student-t),1.695158353092672,1.8408847107584472,1.9715487317168197,0.84375,0.950592885375494,0.9960975609756098,,,,0.9717464988562405,1.1737710134527328,1.4523112469304995,,,,0.08125000000000002,0.138300395256917,0.19902439024390245,,,,0.5725,0.708498023715415,0.8078048780487805,,,,0.8725,0.9713438735177866,1.0,,,,6.0781569126883985,10.254505821480508,14.694013208974786,,,
great_fen,4,WN-SS (mixture),1.6968377876933887,1.8230181019251284,1.8044446344318046,0.8625,0.9555335968379447,0.9941463414634146,,,,0.9166883777625813,1.101813125627283,1.3527549147437852,,,,0.04249999999999998,0.11822134387351779,0.21780487804878046,,,,0.4625,0.7065217391304348,0.8604878048780488,,,,0.9125,0.9812252964426877,0.9970731707317073,,,,5.682517346423584,10.401262225810688,15.352810679722849,,,
great_fen,4,WN-SS (+residual),1.748047353972297,2.016931591125022,2.1578682887965424,0.8325,0.9397233201581028,0.968780487804878,,,,0.9378248374853351,1.1179201040632782,1.283624894356912,,,,0.0675,0.13407114624505928,0.20170731707317074,,,,0.465,0.6175889328063241,0.7414634146341463,,,,0.87375,0.9624505928853755,0.9892682926829268,,,,5.0068155276058235,8.084937495770662,10.975845410865071,,,
great_fen,4,"WN-SS (given-diurnal, st-sp)",1.7031950803664475,1.7924259179355773,1.7050360898521302,0.8275,0.9496047430830039,0.9892682926829268,0.935,0.9772727272727273,0.9951219512195122,0.9408409655624055,1.1296477680954362,1.3333519436602077,0.9665861535478006,1.1687033950636263,1.3743535145319588,0.09625,0.19458498023715412,0.2724390243902439,0.18500000000000003,0.22818181818181815,0.2729268292682927,0.52625,0.6669960474308301,0.7941463414634147,0.7175,0.7618577075098815,0.8478048780487805,0.87125,0.9654150197628458,0.9960975609756098,0.95625,0.9841897233201581,0.9990243902439024,5.443256748603656,9.27897204361532,13.329216219209316,7.513651059695519,10.582501447103592,14.285147075864597
great_fen,4,"WN-SS (given-diurnal, Wiener)",1.7031950803664475,1.7924259179355773,1.7050360898521302,0.8325,0.9308300395256917,0.9921951219512195,,,,0.9682394554250457,1.157187069034414,1.4214861955202704,,,,0.08875,0.18138339920948618,0.27439024390243905,,,,0.51,0.6571146245059288,0.8214634146341463,,,,0.8675,0.9575098814229249,0.9951219512195122,,,,5.503987424753606,9.373461553355376,14.532807751722816,,,
great_fen,4,Neural SDE (Gaussian),1.7013376599564867,1.8663810050878595,1.9746801956400672,0.8925,0.9782608695652174,0.9980487804878049,,,,0.9848509461202696,1.2620109570820939,1.5610818716469732,,,,0.10624999999999998,0.15845849802371548,0.20073170731707318,,,,0.65125,0.7835968379446641,0.8663414634146341,,,,0.92375,0.9901185770750988,1.0,,,,7.137022463865112,11.893133807326612,16.812772196630878,,,
great_fen,4,Neural SDE (Student-t),1.7009138792943301,1.9167780237417613,2.2616441338853974,0.84125,0.9545454545454546,0.9960975609756098,,,,0.945179447596154,1.1495271017194746,1.4138466780912629,,,,0.07250000000000001,0.16102766798418974,0.1978048780487805,,,,0.5575,0.7045454545454546,0.833170731707317,,,,0.87375,0.9703557312252964,1.0,,,,5.675369220973867,9.753469628320175,13.911103190859277,,,
great_fen,4,Neural SDE (ALD),1.6956486187517268,1.8372808931172986,1.7304508622548573,0.85625,0.9575098814229249,0.9970731707317073,,,,0.9755781525255621,1.21825253983647,1.4518910263382925,,,,0.08125000000000002,0.1707905138339921,0.255609756097561,,,,0.57375,0.7094861660079052,0.8575609756097561,,,,0.8975,0.9752964426877471,1.0,,,,6.461426155594177,10.945911593772397,15.683402954795739,,,
great_fen,4,mean-var (Gaussian),1.7006792881766228,1.863365795402777,1.7902884755201534,0.8475,0.9436758893280632,0.9951219512195122,,,,0.922707391202931,1.0996044814762043,1.2391475697101357,,,,0.0625,0.10818181818181827,0.19731707317073166,,,,0.5625,0.6877470355731226,0.8312195121951219,,,,0.88,0.9644268774703557,0.9990243902439024,,,,5.386577334994915,8.884943079832839,12.490872155607471,,,
great_fen,4,mean-var (Student-t),1.701370555374269,1.863463233842248,1.7584237090361166,0.79625,0.9318181818181818,0.9892682926829268,,,,0.9410941195156463,1.0972668021268166,1.2329562918409371,,,,0.061249999999999916,0.09667984189723322,0.18439024390243897,,,,0.5075,0.6531620553359684,0.8185365853658536,,,,0.8375,0.9525691699604744,0.9970731707317073,,,,4.810265828704461,8.404895763552707,12.311994629463952,,,
great_fen,4,mean-var (ALD),1.6993961195850673,1.872128580934684,1.7527643043214634,0.82875,0.9367588932806324,0.9970731707317073,,,,0.9498445277902345,1.1383848942979238,1.3109878171820362,,,,0.06375000000000003,0.14936758893280633,0.24731707317073173,,,,0.505,0.6600790513833992,0.8458536585365853,,,,0.875,0.9604743083003953,0.9990243902439024,,,,5.267106612971402,8.927889488329706,13.267305840663065,,,
great_fen,4,MDN (mixture),1.6835536659974821,1.767381872577678,1.729266795774171,0.8025,0.9239130434782609,0.9892682926829268,,,,0.9310414626059736,1.0319146440961884,1.1489909223226513,,,,0.08750000000000002,0.08233201581027666,0.17146341463414638,,,,0.40125,0.5958498023715415,0.8156097560975609,,,,0.86375,0.9565217391304348,0.9970731707317073,,,,4.667365573665126,7.891040307106339,11.598612075409056,,,
great_fen,4,Random Forest,1.9070246649447342,1.4403933439290177,1.033700759563895,,,,,,,,,,,,,,,,,,,,,,,,,,,,,,,,,,,,
great_fen,4,XGBoost,1.9674293994903564,1.4525339603424072,1.0598539113998413,,,,,,,,,,,,,,,,,,,,,,,,,,,,,,,,,,,,
