Site,Model / ablation,CRPS,NLL,RMSE,cov50,cov90,cov95,sharp90,PIT-KS,std z,drift R2,ex-kurt,VvS ratio,n
Woodwalton,"WienerNet-SS (ALD, primary)",0.638 ± 0.255,64.55 ± 51.00,1.57 ± 0.41,0.325 ± 0.144,0.589 ± 0.139,0.643 ± 0.130,1.25 ± 0.44,0.261 ± 0.176,10.43 ± 4.57,-0.58 ± 1.02,41.3 ± 14.8,39.56 ± 76.05,5
Woodwalton,WienerNet-SS (Gaussian),0.838 ± 0.371,11.90 ± 19.60,2.17 ± 0.57,0.550 ± 0.313,0.725 ± 0.310,0.753 ± 0.299,3.66 ± 2.63,0.266 ± 0.231,2.98 ± 2.94,-1.06 ± 1.44,30.9 ± 14.8,73.33 ± 76.09,5
Woodwalton,WienerNet-SS (beta-NLL),0.601 ± 0.088,16.16 ± 28.84,1.59 ± 0.11,0.502 ± 0.198,0.711 ± 0.203,0.745 ± 0.197,2.04 ± 0.73,0.217 ± 0.126,4.16 ± 4.08,-0.41 ± 0.32,39.2 ± 7.8,14.65 ± 8.41,5
Woodwalton,WienerNet-SS (Student-t),0.603 ± 0.114,3.00 ± 1.75,1.51 ± 0.22,0.351 ± 0.225,0.569 ± 0.232,0.614 ± 0.222,1.39 ± 1.09,0.307 ± 0.173,9.81 ± 6.29,-0.28 ± 0.32,43.0 ± 6.9,15.99 ± 12.04,5
Woodwalton,WienerNet-SS (mixture),0.533 ± 0.063,3.60 ± 2.21,1.73 ± 0.32,0.471 ± 0.210,0.802 ± 0.105,0.845 ± 0.090,2.64 ± 1.57,0.181 ± 0.118,2.22 ± 1.20,-0.12 ± 0.15,45.9 ± 7.8,15.33 ± 14.04,5
Woodwalton,WienerNet-SS (+residual),0.534 ± 0.045,35.33 ± 41.69,1.46 ± 0.27,0.411 ± 0.256,0.651 ± 0.256,0.699 ± 0.236,1.67 ± 1.35,0.248 ± 0.157,6.89 ± 5.36,-0.09 ± 0.09,48.1 ± 3.5,6.37 ± 6.49,5
Woodwalton,WienerNet-SS (state-space),0.531 ± 0.034,202.83 ± 392.82,1.49 ± 0.28,0.397 ± 0.150,0.655 ± 0.178,0.703 ± 0.175,1.56 ± 1.20,0.215 ± 0.086,13.75 ± 16.41,-0.11 ± 0.12,47.3 ± 3.8,7.99 ± 7.44,5
Woodwalton,"WienerNet-SS (given-diurnal, Wiener)",0.489 ± 0.010,127.79 ± 144.73,1.32 ± 0.04,0.466 ± 0.090,0.663 ± 0.099,0.704 ± 0.099,0.98 ± 0.41,0.138 ± 0.039,13.74 ± 9.24,-0.03 ± 0.00,49.8 ± 0.0,1.06 ± 0.92,5
Woodwalton,"WienerNet-SS (given-diurnal, state-sp)",0.492 ± 0.025,117.34 ± 191.82,1.47 ± 0.32,0.532 ± 0.131,0.733 ± 0.128,0.770 ± 0.123,1.64 ± 1.30,0.131 ± 0.042,11.67 ± 11.15,-0.03 ± 0.00,49.8 ± 0.0,5.52 ± 9.77,5
Woodwalton,WienerNet-SS (predicted-k),0.619 ± 0.081,265.52 ± 278.95,1.41 ± 0.24,0.244 ± 0.298,0.389 ± 0.371,0.424 ± 0.377,1.18 ± 1.67,0.450 ± 0.283,18.63 ± 13.77,-0.13 ± 0.15,46.7 ± 1.6,8.95 ± 6.89,5
Woodwalton,Neural SDE (Gaussian),0.599 ± 0.088,2.79 ± 2.34,1.84 ± 0.36,0.648 ± 0.157,0.857 ± 0.112,0.883 ± 0.104,3.52 ± 1.53,0.231 ± 0.090,1.68 ± 1.19,-0.18 ± 0.24,47.4 ± 1.6,15.36 ± 10.92,5
Woodwalton,Neural SDE (Student-t),0.545 ± 0.088,1.89 ± 0.85,1.74 ± 0.56,0.559 ± 0.208,0.745 ± 0.180,0.779 ± 0.169,2.60 ± 2.33,0.188 ± 0.095,7.11 ± 5.86,-0.07 ± 0.07,49.6 ± 2.6,12.69 ± 14.00,5
Woodwalton,Neural SDE (ALD),0.528 ± 0.032,173.29 ± 299.85,1.54 ± 0.31,0.430 ± 0.229,0.686 ± 0.207,0.726 ± 0.197,1.95 ± 1.57,0.238 ± 0.052,13.07 ± 14.80,-0.11 ± 0.15,48.1 ± 5.1,5.99 ± 6.19,5
Woodwalton,Mean-variance (Gaussian),0.517 ± 0.030,2.59 ± 1.41,1.68 ± 0.19,0.723 ± 0.048,0.872 ± 0.037,0.893 ± 0.035,2.81 ± 0.75,0.185 ± 0.036,1.90 ± 0.73,-0.04 ± 0.04,50.3 ± 1.1,6.56 ± 3.93,5
Woodwalton,Mean-variance (Student-t),0.490 ± 0.020,1.25 ± 0.13,1.52 ± 0.24,0.594 ± 0.071,0.795 ± 0.053,0.831 ± 0.047,1.91 ± 0.74,0.157 ± 0.040,7.15 ± 4.38,-0.03 ± 0.02,50.9 ± 0.6,4.16 ± 3.07,5
Woodwalton,Mean-variance (ALD),0.500 ± 0.030,11.76 ± 15.20,1.77 ± 0.42,0.637 ± 0.098,0.837 ± 0.082,0.870 ± 0.074,2.71 ± 1.34,0.154 ± 0.045,4.08 ± 2.92,-0.03 ± 0.03,50.9 ± 0.6,5.83 ± 4.09,5
Woodwalton,Analytical SDE (Gaussian),0.634,1.72,2.12,0.862,0.957,0.967,5.48,0.256,0.72,-0.04,49.6,23.65,1
Woodwalton,Analytical SDE (Student-t),0.497,1.14,1.40,0.705,0.849,0.871,2.05,0.173,1.93,-0.04,49.6,3.74,1
Woodwalton,MDN (mixture),0.494 ± 0.026,1.35 ± 0.09,1.64 ± 0.26,0.557 ± 0.151,0.807 ± 0.098,0.853 ± 0.079,2.54 ± 1.09,0.140 ± 0.039,3.87 ± 2.44,-0.03 ± 0.01,51.0 ± 0.3,5.01 ± 3.19,5
Woodwalton,Random Forest,—,—,1.57 ± 0.02,—,—,—,—,—,—,—,—,—,5
Woodwalton,XGBoost,—,—,2.31 ± 0.00,—,—,—,—,—,—,—,—,—,5
Rosedene,"WienerNet-SS (ALD, primary)",0.726 ± 0.013,4.29 ± 1.54,2.06 ± 0.13,0.395 ± 0.065,0.784 ± 0.062,0.843 ± 0.050,2.64 ± 0.54,0.063 ± 0.045,2.81 ± 0.56,-0.00 ± 0.00,41.9 ± 0.1,5.56 ± 2.12,5
Rosedene,WienerNet-SS (Gaussian),0.739 ± 0.020,1.92 ± 0.24,2.33 ± 0.27,0.621 ± 0.103,0.875 ± 0.054,0.904 ± 0.044,4.01 ± 1.14,0.094 ± 0.034,1.37 ± 0.37,-0.00 ± 0.01,41.3 ± 0.6,12.16 ± 4.04,5
Rosedene,WienerNet-SS (beta-NLL),0.726 ± 0.015,1.88 ± 0.22,2.24 ± 0.16,0.611 ± 0.087,0.871 ± 0.047,0.901 ± 0.038,3.67 ± 0.81,0.076 ± 0.030,1.39 ± 0.29,-0.00 ± 0.01,41.7 ± 0.4,10.56 ± 4.80,5
Rosedene,WienerNet-SS (Student-t),0.722 ± 0.007,1.58 ± 0.07,2.07 ± 0.11,0.478 ± 0.057,0.795 ± 0.041,0.845 ± 0.033,2.75 ± 0.46,0.051 ± 0.020,2.45 ± 0.36,-0.00 ± 0.00,41.8 ± 0.1,6.50 ± 2.91,5
Rosedene,WienerNet-SS (mixture),0.724 ± 0.004,1.88 ± 0.26,2.26 ± 0.21,0.494 ± 0.077,0.851 ± 0.058,0.901 ± 0.042,3.54 ± 0.99,0.048 ± 0.010,1.34 ± 0.34,-0.00 ± 0.00,41.8 ± 0.2,10.78 ± 5.42,5
Rosedene,WienerNet-SS (+residual),0.725 ± 0.010,3.81 ± 1.88,2.16 ± 0.23,0.458 ± 0.115,0.824 ± 0.081,0.874 ± 0.064,3.21 ± 1.06,0.059 ± 0.037,2.51 ± 0.84,-0.00 ± 0.01,41.8 ± 0.3,10.14 ± 5.63,5
Rosedene,WienerNet-SS (state-space),0.726 ± 0.009,3.96 ± 2.60,2.14 ± 0.22,0.474 ± 0.117,0.831 ± 0.083,0.879 ± 0.068,3.24 ± 1.10,0.053 ± 0.041,2.49 ± 1.03,-0.00 ± 0.00,41.8 ± 0.2,8.98 ± 6.07,5
Rosedene,"WienerNet-SS (given-diurnal, Wiener)",0.723 ± 0.007,4.48 ± 1.20,2.06 ± 0.10,0.408 ± 0.047,0.797 ± 0.040,0.853 ± 0.032,2.72 ± 0.46,0.056 ± 0.024,2.88 ± 0.48,-0.00 ± 0.00,41.9 ± 0.0,5.36 ± 1.90,5
Rosedene,"WienerNet-SS (given-diurnal, state-sp)",0.728 ± 0.004,3.70 ± 1.51,2.17 ± 0.25,0.474 ± 0.096,0.833 ± 0.065,0.879 ± 0.051,3.27 ± 1.07,0.053 ± 0.026,2.47 ± 0.75,-0.00 ± 0.00,41.9 ± 0.0,8.02 ± 4.93,5
Rosedene,WienerNet-SS (predicted-k),0.719 ± 0.005,3.24 ± 0.68,2.15 ± 0.16,0.442 ± 0.057,0.824 ± 0.037,0.876 ± 0.028,3.11 ± 0.56,0.046 ± 0.028,2.38 ± 0.34,0.00 ± 0.00,42.0 ± 0.0,6.99 ± 2.28,5
Rosedene,Neural SDE (Gaussian),0.747 ± 0.025,1.80 ± 0.09,2.38 ± 0.24,0.648 ± 0.070,0.894 ± 0.032,0.919 ± 0.025,4.24 ± 0.94,0.095 ± 0.030,1.24 ± 0.23,-0.01 ± 0.02,40.7 ± 0.8,13.81 ± 4.89,5
Rosedene,Neural SDE (Student-t),0.727 ± 0.003,1.56 ± 0.05,2.17 ± 0.15,0.543 ± 0.059,0.837 ± 0.039,0.878 ± 0.032,3.25 ± 0.62,0.052 ± 0.009,2.15 ± 0.39,-0.00 ± 0.00,41.8 ± 0.1,9.37 ± 3.68,5
Rosedene,Neural SDE (ALD),0.722 ± 0.006,2.99 ± 0.97,2.22 ± 0.19,0.492 ± 0.080,0.854 ± 0.047,0.899 ± 0.036,3.53 ± 0.89,0.043 ± 0.019,2.18 ± 0.53,-0.00 ± 0.00,41.9 ± 0.1,10.21 ± 5.01,5
Rosedene,Mean-variance (Gaussian),0.769 ± 0.046,1.85 ± 0.16,2.62 ± 0.36,0.716 ± 0.077,0.918 ± 0.035,0.938 ± 0.029,5.15 ± 1.34,0.127 ± 0.036,1.12 ± 0.31,-0.00 ± 0.01,41.8 ± 0.2,20.63 ± 11.96,5
Rosedene,Mean-variance (Student-t),0.735 ± 0.008,1.58 ± 0.08,2.37 ± 0.18,0.622 ± 0.065,0.880 ± 0.047,0.909 ± 0.040,4.08 ± 0.75,0.078 ± 0.035,1.89 ± 0.76,0.00 ± 0.00,42.0 ± 0.2,13.40 ± 4.71,5
Rosedene,Mean-variance (ALD),0.729 ± 0.017,2.48 ± 0.56,2.42 ± 0.38,0.560 ± 0.061,0.890 ± 0.032,0.925 ± 0.025,4.35 ± 1.18,0.044 ± 0.024,1.86 ± 0.37,0.00 ± 0.00,41.9 ± 0.1,14.96 ± 8.10,5
Rosedene,Analytical SDE (Gaussian),0.785,2.04,2.31,0.738,0.910,0.931,4.69,0.142,1.21,-0.00,42.0,14.65,1
Rosedene,Analytical SDE (Student-t),0.765,1.54,1.84,0.406,0.680,0.726,1.55,0.108,3.66,-0.00,42.0,1.76,1
Rosedene,MDN (mixture),0.723 ± 0.008,1.51 ± 0.04,2.37 ± 0.19,0.549 ± 0.063,0.892 ± 0.033,0.928 ± 0.022,4.21 ± 0.74,0.046 ± 0.020,1.41 ± 0.23,-0.00 ± 0.00,41.9 ± 0.2,16.44 ± 8.50,5
Rosedene,Random Forest,—,—,1.61 ± 0.01,—,—,—,—,—,—,—,—,—,5
Rosedene,XGBoost,—,—,1.73 ± 0.00,—,—,—,—,—,—,—,—,—,5
Redmere 1,"WienerNet-SS (ALD, primary)",0.866 ± 0.345,3501628.65 ± 2299627.76,6.77 ± 9.06,0.511 ± 0.041,0.880 ± 0.034,0.921 ± 0.027,7.15 ± 6.89,0.039 ± 0.012,2446.01 ± 1115.12,-2.87 ± 0.64,124.9 ± 11.1,13.33 ± 4.94,5
Redmere 1,WienerNet-SS (Gaussian),3.811 ± 6.140,2883312.39 ± 1928792.26,290.93 ± 588.55,0.654 ± 0.013,0.907 ± 0.008,0.930 ± 0.008,44.56 ± 80.33,0.100 ± 0.013,2117.83 ± 1258.06,-3.04 ± 1.37,125.9 ± 8.3,14.51 ± 3.44,5
Redmere 1,WienerNet-SS (beta-NLL),4.584 ± 5.905,1284662.77 ± 1199850.12,388.48 ± 467.05,0.663 ± 0.013,0.911 ± 0.005,0.934 ± 0.005,55.19 ± 77.17,0.110 ± 0.017,1402.03 ± 865.36,-2.70 ± 0.85,128.7 ± 7.1,16.08 ± 7.94,5
Redmere 1,WienerNet-SS (Student-t),2.467 ± 3.130,1.71 ± 0.13,147.05 ± 230.43,0.532 ± 0.024,0.851 ± 0.011,0.893 ± 0.009,27.63 ± 42.25,0.038 ± 0.012,2868.07 ± 710.91,-3.71 ± 1.01,129.5 ± 4.4,17.43 ± 15.82,5
Redmere 1,WienerNet-SS (mixture),0.738 ± 0.098,54417.93 ± 16521.03,6.83 ± 9.30,0.458 ± 0.043,0.885 ± 0.014,0.935 ± 0.010,4.70 ± 1.68,0.047 ± 0.015,325.73 ± 54.06,-3.09 ± 0.99,125.4 ± 2.3,12.66 ± 2.04,5
Redmere 1,WienerNet-SS (+residual),3.523 ± 2.811,2732866.11 ± 2732469.92,326.72 ± 334.09,0.499 ± 0.031,0.883 ± 0.013,0.923 ± 0.011,55.01 ± 50.77,0.042 ± 0.015,1955.04 ± 1428.93,-3.34 ± 0.92,124.8 ± 5.1,15.87 ± 2.36,5
Redmere 1,WienerNet-SS (state-space),4.197 ± 4.067,2668294.64 ± 2254559.85,457.09 ± 666.17,0.526 ± 0.026,0.892 ± 0.014,0.930 ± 0.012,67.32 ± 73.14,0.044 ± 0.006,2062.82 ± 1153.36,-2.70 ± 1.56,122.0 ± 12.4,14.29 ± 10.75,5
Redmere 1,"WienerNet-SS (given-diurnal, Wiener)",1.673 ± 1.799,77867.16 ± 41486.07,233.98 ± 357.02,0.528 ± 0.036,0.892 ± 0.021,0.931 ± 0.018,23.31 ± 32.15,0.041 ± 0.006,380.91 ± 115.29,-0.00 ± 0.00,13.2 ± 0.0,14.56 ± 5.79,5
Redmere 1,"WienerNet-SS (given-diurnal, state-sp)",2.725 ± 3.137,40378.88 ± 30222.59,307.77 ± 368.83,0.524 ± 0.047,0.895 ± 0.026,0.933 ± 0.019,42.18 ± 55.72,0.042 ± 0.019,249.17 ± 152.73,-0.00 ± 0.00,13.2 ± 0.0,11.95 ± 2.63,5
Redmere 1,WienerNet-SS (predicted-k),3.125 ± 3.776,1813282.36 ± 2285124.27,498.86 ± 683.37,0.513 ± 0.012,0.889 ± 0.008,0.928 ± 0.006,47.44 ± 68.32,0.029 ± 0.005,1364.76 ± 1482.42,-4.52 ± 1.54,125.9 ± 17.4,8.82 ± 1.14,5
Redmere 1,Neural SDE (Gaussian),6.229 ± 5.031,279156620.38 ± 611733956.37,393.94 ± 432.66,0.664 ± 0.040,0.910 ± 0.022,0.933 ± 0.019,51.18 ± 58.97,0.105 ± 0.019,12302.66 ± 22530.40,-28548.59 ± 35546.51,1208.2 ± 155.7,17.29 ± 7.89,5
Redmere 1,Neural SDE (Student-t),10.093 ± 2.304,1.57 ± 0.10,915.05 ± 318.88,0.550 ± 0.017,0.870 ± 0.009,0.910 ± 0.011,115.94 ± 36.25,0.065 ± 0.018,18370.87 ± 27701.28,-27600.15 ± 30943.70,1259.3 ± 32.5,17.99 ± 13.36,5
Redmere 1,Neural SDE (ALD),3.114 ± 2.415,753448231.81 ± 1183438282.91,330.79 ± 463.93,0.504 ± 0.011,0.894 ± 0.004,0.932 ± 0.001,38.01 ± 46.45,0.037 ± 0.007,28860.12 ± 28983.53,-768.31 ± 882.21,1596.8 ± 786.0,9.07 ± 1.37,5
Redmere 1,Mean-variance (Gaussian),5.079 ± 5.674,54625573.45 ± 122146490.57,113.56 ± 124.40,0.677 ± 0.021,0.918 ± 0.014,0.941 ± 0.010,8.82 ± 3.81,0.120 ± 0.012,4671.80 ± 10443.48,-12197.06 ± 20440.58,1928.3 ± 1040.5,38.81 ± 39.98,5
Redmere 1,Mean-variance (Student-t),3.048 ± 1.526,1.60 ± 0.12,73.30 ± 38.85,0.556 ± 0.018,0.873 ± 0.015,0.912 ± 0.013,7.03 ± 4.61,0.061 ± 0.011,11818.70 ± 18519.43,-2957.14 ± 2454.82,1944.8 ± 885.3,61.02 ± 111.71,5
Redmere 1,Mean-variance (ALD),2.140 ± 1.445,70027204.88 ± 91192523.57,44.84 ± 36.46,0.498 ± 0.030,0.881 ± 0.011,0.924 ± 0.006,5.66 ± 1.81,0.032 ± 0.008,8520.36 ± 9172.44,-1383.31 ± 1976.25,1558.9 ± 883.8,10.95 ± 3.45,5
Redmere 1,Analytical SDE (Gaussian),0.656,1.68,2.01,0.781,0.953,0.969,5.16,0.155,0.76,0.01,13.3,37.76,1
Redmere 1,Analytical SDE (Student-t),0.604,1.39,1.33,0.400,0.704,0.757,1.65,0.093,2.37,0.01,13.3,2.89,1
Redmere 1,MDN (mixture),1.852 ± 0.545,1.56 ± 0.09,40.91 ± 16.82,0.480 ± 0.043,0.901 ± 0.011,0.941 ± 0.006,9.28 ± 4.16,0.040 ± 0.010,11018.77 ± 23958.52,-787.47 ± 824.12,2405.0 ± 703.5,63.30 ± 70.92,5
Redmere 1,Random Forest,—,—,1.28 ± 0.01,—,—,—,—,—,—,—,—,—,5
Redmere 1,XGBoost,—,—,1.35 ± 0.00,—,—,—,—,—,—,—,—,—,5
Redmere 2,"WienerNet-SS (ALD, primary)",0.720 ± 0.018,1.81 ± 0.08,2.47 ± 0.18,0.621 ± 0.048,0.898 ± 0.029,0.938 ± 0.019,5.07 ± 0.83,0.101 ± 0.021,1.37 ± 0.17,-0.05 ± 0.08,19.2 ± 0.2,18.74 ± 9.03,5
Redmere 2,WienerNet-SS (Gaussian),0.765 ± 0.049,1.75 ± 0.07,2.48 ± 0.40,0.709 ± 0.074,0.908 ± 0.051,0.932 ± 0.042,5.23 ± 1.51,0.145 ± 0.036,0.97 ± 0.29,-0.02 ± 0.06,19.0 ± 1.0,28.09 ± 23.24,5
Redmere 2,WienerNet-SS (beta-NLL),0.768 ± 0.029,1.79 ± 0.05,2.49 ± 0.26,0.711 ± 0.070,0.902 ± 0.048,0.928 ± 0.041,5.28 ± 1.11,0.142 ± 0.027,1.00 ± 0.27,-0.00 ± 0.01,19.4 ± 0.1,19.97 ± 12.65,5
Redmere 2,WienerNet-SS (Student-t),0.746 ± 0.034,1.59 ± 0.08,2.49 ± 0.26,0.641 ± 0.067,0.876 ± 0.037,0.916 ± 0.026,4.74 ± 1.08,0.120 ± 0.021,1.41 ± 0.37,-0.01 ± 0.02,19.4 ± 0.2,16.53 ± 9.70,5
Redmere 2,WienerNet-SS (mixture),0.712 ± 0.013,1.71 ± 0.04,2.46 ± 0.21,0.559 ± 0.040,0.882 ± 0.026,0.936 ± 0.014,4.69 ± 0.64,0.088 ± 0.019,0.95 ± 0.08,-0.02 ± 0.03,19.2 ± 0.2,18.48 ± 4.21,5
Redmere 2,WienerNet-SS (+residual),0.712 ± 0.014,1.96 ± 0.19,2.28 ± 0.13,0.588 ± 0.045,0.872 ± 0.036,0.914 ± 0.027,4.37 ± 0.68,0.081 ± 0.018,1.55 ± 0.24,-0.03 ± 0.06,19.1 ± 0.3,11.93 ± 5.50,5
Redmere 2,WienerNet-SS (state-space),0.726 ± 0.014,1.84 ± 0.08,2.52 ± 0.14,0.624 ± 0.020,0.897 ± 0.013,0.934 ± 0.010,5.13 ± 0.38,0.100 ± 0.009,1.39 ± 0.09,-0.04 ± 0.04,19.0 ± 0.2,15.07 ± 5.76,5
Redmere 2,"WienerNet-SS (given-diurnal, Wiener)",0.729 ± 0.022,1.80 ± 0.08,2.60 ± 0.16,0.633 ± 0.021,0.905 ± 0.011,0.940 ± 0.005,5.36 ± 0.48,0.108 ± 0.009,1.33 ± 0.06,-0.01 ± 0.00,19.5 ± 0.0,17.69 ± 3.45,5
Redmere 2,"WienerNet-SS (given-diurnal, state-sp)",0.728 ± 0.033,1.94 ± 0.21,2.52 ± 0.35,0.613 ± 0.059,0.887 ± 0.043,0.926 ± 0.032,5.08 ± 1.17,0.103 ± 0.023,1.46 ± 0.28,-0.01 ± 0.00,19.5 ± 0.0,15.20 ± 10.04,5
Redmere 2,WienerNet-SS (predicted-k),0.712 ± 0.013,2.20 ± 0.48,2.27 ± 0.21,0.593 ± 0.067,0.868 ± 0.053,0.908 ± 0.040,4.33 ± 1.05,0.093 ± 0.027,1.68 ± 0.42,0.00 ± 0.01,19.3 ± 0.1,15.01 ± 7.43,5
Redmere 2,Neural SDE (Gaussian),0.773 ± 0.025,1.78 ± 0.07,2.49 ± 0.16,0.683 ± 0.025,0.891 ± 0.019,0.918 ± 0.017,5.06 ± 0.51,0.129 ± 0.010,1.07 ± 0.12,-0.07 ± 0.07,18.6 ± 0.4,19.59 ± 8.83,5
Redmere 2,Neural SDE (Student-t),0.732 ± 0.026,1.55 ± 0.06,2.36 ± 0.12,0.607 ± 0.041,0.856 ± 0.027,0.902 ± 0.017,4.27 ± 0.46,0.101 ± 0.018,1.51 ± 0.31,-0.07 ± 0.12,18.3 ± 0.8,13.34 ± 6.20,5
Redmere 2,Neural SDE (ALD),0.732 ± 0.038,1.97 ± 0.20,2.43 ± 0.23,0.592 ± 0.039,0.876 ± 0.030,0.918 ± 0.023,4.76 ± 0.79,0.087 ± 0.023,1.52 ± 0.21,-0.12 ± 0.22,18.2 ± 1.1,16.31 ± 6.44,5
Redmere 2,Mean-variance (Gaussian),0.745 ± 0.017,1.78 ± 0.08,2.45 ± 0.23,0.663 ± 0.025,0.872 ± 0.024,0.904 ± 0.018,4.54 ± 0.49,0.124 ± 0.011,1.18 ± 0.13,0.02 ± 0.02,19.3 ± 0.3,12.95 ± 4.14,5
Redmere 2,Mean-variance (Student-t),0.721 ± 0.016,1.54 ± 0.05,2.37 ± 0.29,0.589 ± 0.031,0.843 ± 0.032,0.891 ± 0.032,4.03 ± 0.47,0.093 ± 0.015,1.66 ± 0.24,0.02 ± 0.04,18.6 ± 0.4,12.11 ± 7.66,5
Redmere 2,Mean-variance (ALD),0.713 ± 0.013,1.94 ± 0.11,2.37 ± 0.13,0.588 ± 0.027,0.871 ± 0.019,0.916 ± 0.015,4.53 ± 0.42,0.086 ± 0.006,1.54 ± 0.12,-0.00 ± 0.05,18.9 ± 0.4,11.39 ± 3.88,5
Redmere 2,Analytical SDE (Gaussian),0.773,1.89,2.24,0.747,0.921,0.937,5.08,0.162,1.01,-0.00,19.4,24.60,1
Redmere 2,Analytical SDE (Student-t),0.733,1.49,1.68,0.486,0.689,0.729,1.63,0.110,3.13,-0.00,19.4,2.44,1
Redmere 2,MDN (mixture),0.716 ± 0.011,1.59 ± 0.03,2.33 ± 0.08,0.558 ± 0.048,0.853 ± 0.025,0.910 ± 0.021,4.22 ± 0.40,0.088 ± 0.016,1.28 ± 0.14,0.02 ± 0.01,19.1 ± 0.3,13.66 ± 5.62,5
Redmere 2,Random Forest,—,—,1.54 ± 0.01,—,—,—,—,—,—,—,—,—,5
Redmere 2,XGBoost,—,—,1.67 ± 0.00,—,—,—,—,—,—,—,—,—,5
Great Fen,"WienerNet-SS (ALD, primary)",0.898 ± 0.015,3.67 ± 0.93,2.56 ± 0.10,0.470 ± 0.043,0.828 ± 0.039,0.878 ± 0.034,4.77 ± 0.55,0.042 ± 0.014,2.36 ± 0.48,-0.00 ± 0.01,14.9 ± 0.8,15.46 ± 3.85,5
Great Fen,WienerNet-SS (Gaussian),0.906 ± 0.022,2.05 ± 0.09,2.55 ± 0.21,0.619 ± 0.063,0.877 ± 0.029,0.907 ± 0.024,5.10 ± 0.88,0.086 ± 0.023,1.22 ± 0.17,-0.01 ± 0.01,15.0 ± 0.3,21.76 ± 11.74,5
Great Fen,WienerNet-SS (beta-NLL),0.915 ± 0.027,1.98 ± 0.06,2.66 ± 0.16,0.623 ± 0.039,0.887 ± 0.025,0.916 ± 0.022,5.44 ± 0.62,0.113 ± 0.042,1.12 ± 0.16,-0.02 ± 0.04,14.4 ± 0.4,20.68 ± 6.18,5
Great Fen,WienerNet-SS (Student-t),0.921 ± 0.022,2.06 ± 0.20,2.91 ± 1.02,0.503 ± 0.065,0.801 ± 0.075,0.846 ± 0.068,4.77 ± 1.38,0.068 ± 0.024,2.59 ± 0.55,0.00 ± 0.02,14.5 ± 0.4,27.59 ± 32.31,5
Great Fen,WienerNet-SS (mixture),0.904 ± 0.011,2.06 ± 0.14,2.55 ± 0.12,0.358 ± 0.038,0.840 ± 0.045,0.910 ± 0.030,4.78 ± 0.65,0.092 ± 0.010,1.20 ± 0.22,-0.01 ± 0.01,15.2 ± 0.2,18.77 ± 5.67,5
Great Fen,WienerNet-SS (+residual),0.902 ± 0.010,3.77 ± 1.53,2.54 ± 0.33,0.454 ± 0.097,0.820 ± 0.069,0.870 ± 0.055,4.65 ± 1.38,0.064 ± 0.025,2.35 ± 0.75,-0.00 ± 0.01,14.9 ± 0.4,16.58 ± 11.82,5
Great Fen,WienerNet-SS (state-space),0.893 ± 0.006,3.49 ± 0.81,2.60 ± 0.28,0.449 ± 0.061,0.820 ± 0.045,0.872 ± 0.038,4.64 ± 0.94,0.052 ± 0.010,2.30 ± 0.47,-0.00 ± 0.03,14.4 ± 0.7,16.74 ± 7.11,5
Great Fen,"WienerNet-SS (given-diurnal, Wiener)",0.904 ± 0.006,4.85 ± 1.40,2.50 ± 0.05,0.447 ± 0.034,0.800 ± 0.026,0.852 ± 0.018,4.44 ± 0.34,0.053 ± 0.012,2.85 ± 0.47,-0.01 ± 0.00,15.3 ± 0.0,16.66 ± 5.19,5
Great Fen,"WienerNet-SS (given-diurnal, state-sp)",0.897 ± 0.009,4.35 ± 1.47,2.48 ± 0.10,0.423 ± 0.043,0.790 ± 0.046,0.846 ± 0.040,4.19 ± 0.50,0.058 ± 0.024,2.68 ± 0.54,-0.01 ± 0.00,15.3 ± 0.0,12.60 ± 5.32,5
Great Fen,WienerNet-SS (predicted-k),0.893 ± 0.011,2.82 ± 0.54,2.60 ± 0.21,0.506 ± 0.071,0.855 ± 0.045,0.901 ± 0.034,5.13 ± 0.87,0.043 ± 0.018,1.92 ± 0.38,-0.01 ± 0.00,15.3 ± 0.0,19.83 ± 10.17,5
Great Fen,Neural SDE (Gaussian),0.911 ± 0.012,2.31 ± 0.34,2.55 ± 0.19,0.558 ± 0.066,0.836 ± 0.051,0.873 ± 0.043,4.75 ± 0.81,0.072 ± 0.027,1.50 ± 0.34,-0.03 ± 0.04,14.0 ± 1.3,14.68 ± 2.20,5
Great Fen,Neural SDE (Student-t),0.918 ± 0.038,2.10 ± 0.27,2.46 ± 0.09,0.478 ± 0.046,0.787 ± 0.048,0.832 ± 0.046,4.15 ± 0.39,0.057 ± 0.023,2.81 ± 1.09,-0.03 ± 0.04,13.3 ± 1.2,13.24 ± 4.05,5
Great Fen,Neural SDE (ALD),0.895 ± 0.020,4.22 ± 2.06,2.50 ± 0.17,0.439 ± 0.074,0.809 ± 0.065,0.863 ± 0.055,4.43 ± 0.80,0.051 ± 0.040,2.55 ± 0.80,0.00 ± 0.01,14.0 ± 0.8,13.54 ± 4.04,5
Great Fen,Mean-variance (Gaussian),0.902 ± 0.018,2.54 ± 0.62,2.48 ± 0.24,0.525 ± 0.053,0.808 ± 0.054,0.846 ± 0.050,4.36 ± 0.85,0.066 ± 0.013,1.70 ± 0.43,0.01 ± 0.01,14.5 ± 0.3,14.13 ± 4.28,5
Great Fen,Mean-variance (Student-t),0.923 ± 0.017,2.26 ± 0.13,2.40 ± 0.29,0.444 ± 0.029,0.747 ± 0.029,0.795 ± 0.029,3.77 ± 0.69,0.074 ± 0.014,3.58 ± 0.66,-0.00 ± 0.03,13.9 ± 0.4,13.54 ± 6.03,5
Great Fen,Mean-variance (ALD),0.909 ± 0.011,5.32 ± 1.61,2.42 ± 0.24,0.409 ± 0.061,0.782 ± 0.056,0.840 ± 0.048,4.09 ± 0.83,0.066 ± 0.030,3.01 ± 0.65,-0.00 ± 0.01,13.8 ± 0.7,12.25 ± 6.37,5
Great Fen,Analytical SDE (Gaussian),0.907,2.07,2.41,0.651,0.887,0.912,4.93,0.093,1.20,-0.01,15.0,16.84,1
Great Fen,Analytical SDE (Student-t),0.911,1.98,2.00,0.408,0.723,0.772,2.48,0.087,2.38,-0.01,15.0,4.90,1
Great Fen,MDN (mixture),0.917 ± 0.016,2.00 ± 0.12,2.34 ± 0.19,0.303 ± 0.076,0.767 ± 0.055,0.846 ± 0.044,3.84 ± 0.80,0.104 ± 0.039,2.19 ± 0.53,0.00 ± 0.01,15.3 ± 0.1,11.49 ± 4.63,5
Great Fen,Random Forest,—,—,1.58 ± 0.01,—,—,—,—,—,—,—,—,—,5
Great Fen,XGBoost,—,—,1.61 ± 0.00,—,—,—,—,—,—,—,—,—,5
