model,site,crps_mean,crps_std,cov90_mean,cov90_std,cov95_mean,cov95_std,pit_ks_mean,pit_ks_std,rmse_mean,rmse_std
Analytical SDE,great_fen,0.9071202578316488,,0.8871648460774578,,0.9124875868917577,,0.09329223638615458,,2.424988269805908,
Analytical SDE,redmere_1,0.6565988045812102,,0.9535768645357686,,0.9690512430238457,,0.15514193123299114,,2.011859178543091,
Analytical SDE,redmere_2,0.773452169842891,,0.9212760131434831,,0.9372946330777656,,0.1620973550788457,,2.2677841186523438,
Analytical SDE,rosedene,0.7843893968518982,,0.910339565051507,,0.9305131629149179,,0.1419712646447414,,2.325254201889038,
Analytical SDE,woodwalton,0.6340902196911864,,0.9566534607317642,,0.9671987881612678,,0.2564336066673736,,2.12575364112854,
MDN (no physics),great_fen,0.9118107964441013,0.01246445716306678,0.760509764978484,0.052519673695596326,0.8476911618669315,0.04587663810090678,0.11346291182799421,0.012854844313506968,2.4624880949656167,0.31788256758120337
MDN (no physics),redmere_1,1.298578937621954,0.5514693701366523,0.8968374767461524,0.008007292813231969,0.9375105699306613,0.005466361021104002,0.03640772208972212,0.017674716527109693,30.381767908732098,20.803785023339305
MDN (no physics),redmere_2,0.7263140530515056,0.019350108518789624,0.8200073019350128,0.051910925404455355,0.8829408543263965,0.04582357391758924,0.07769776075667156,0.010902362002597957,2.4177743593851724,0.3761759861846015
MDN (no physics),rosedene,0.7201616357962966,0.015042493828251199,0.8418701513417272,0.05819137180120447,0.8952530840646064,0.04295306932753416,0.043546592343559364,0.015786561119723163,2.2237969239552817,0.13870075169286114
MDN (no physics),woodwalton,0.7388421182140575,0.40763813256337794,0.9128990911209508,0.07545677853977523,0.9354462829177348,0.05834147386138122,0.21092974404667778,0.05237733664371517,3.5607060194015503,3.285786928163214
Mean-Var Gaussian,great_fen,0.9193859892731947,0.03133095899536703,0.799942072161536,0.06473044183730008,0.8367676266137041,0.060396755960350414,0.07592912707921473,0.01433697969522113,2.636474847793579,0.2380902953780337
Mean-Var Gaussian,redmere_1,7.446073684236006,5.690374717728073,0.9211905969896836,0.009189787309466032,0.9407238288516827,0.005945677602315906,0.1210952074111243,0.022607104927293793,171.1097895304362,139.86296089121217
Mean-Var Gaussian,redmere_2,0.8082703398007732,0.05263276174146437,0.8902884264330048,0.027827140778146287,0.9164841182913471,0.02266987896877611,0.13704406248236492,0.01818402712851651,3.018132050832113,0.5010405394115638
Mean-Var Gaussian,rosedene,0.7496545339769591,0.006568528449058404,0.8809137733689432,0.013016520128615018,0.9050934757726058,0.011075574302643283,0.10147467264388126,0.01190138573488814,2.427835385004679,0.15810701560339505
Mean-Var Gaussian,woodwalton,0.5693952639749716,0.0694756466397103,0.8033869338926435,0.19208251016383177,0.8260894896294569,0.1792866883091905,0.2133816148224034,0.00960711887765026,1.9658908049265544,0.4406704698491878
Neural SDE,great_fen,1.0836174869156936,0.2411880126968742,0.8977987421383647,0.0378683902728024,0.9233283680900364,0.03182027925627998,0.11391311807757903,0.035367349387676335,3.8054239749908447,1.8709476176542792
Neural SDE,redmere_1,19.458814514601418,25.54756833393514,0.9286318281752072,0.011575999668382502,0.947826822256046,0.011116592608881641,0.1365441835435324,0.029430155735574174,956.0745544433594,1319.2673475322556
Neural SDE,redmere_2,0.7548726999561906,0.01754858675837425,0.8717597663380796,0.04415305689915245,0.9033406352683461,0.03858591319123268,0.13432260954148703,0.01672140583200276,2.3395631313323975,0.21968119484674356
Neural SDE,rosedene,0.7544834377132528,0.029209350987710884,0.8760492178557802,0.05709770638097269,0.9041555385984993,0.04606655689402626,0.11439647619512876,0.06322885652592462,2.322775363922119,0.30415561174404754
Neural SDE,woodwalton,0.5848608464959172,0.10963506466930378,0.7808397420958596,0.2610165192465147,0.8037170822652063,0.2469788419370685,0.24086020430463714,0.004025318348973189,1.8808751106262207,0.7257316608239929
Random Forest,great_fen,,,,,,,,,1.5788791179656982,0.0034024965665274067
Random Forest,redmere_1,,,,,,,,,1.2835166454315186,0.01273261084434048
Random Forest,redmere_2,,,,,,,,,1.5365583499272664,0.011310624767324414
Random Forest,rosedene,,,,,,,,,1.6143333911895752,0.0044130714482834696
Random Forest,woodwalton,,,,,,,,,1.551397403081258,0.014412030363475546
"WienerNet-SS (diurnal, Wiener)",great_fen,0.9100666607329888,0.01701811989991755,0.8366021185038067,0.05339430850887102,0.8849304865938431,0.03758794939867011,0.04831013693723004,0.01542627753002417,2.8767571449279785,0.3826293116372181
"WienerNet-SS (diurnal, Wiener)",redmere_1,1.0032400859380652,0.6789945510809733,0.8915102316928801,0.03175069237790849,0.9265178420429562,0.026019451085762653,0.04278939179504946,0.01935618346489567,40.36719048023224,66.1117132592635
"WienerNet-SS (diurnal, Wiener)",redmere_2,0.7191893136156545,0.018000776995018553,0.8794724351953267,0.011512222641905408,0.9221887550200804,0.011400142384809051,0.0953612845155667,0.007686718531824696,2.49384339650472,0.0840611845692602
"WienerNet-SS (diurnal, Wiener)",rosedene,0.7349552125191066,0.010557139826829752,0.7317022764848021,0.06112555644110649,0.7965153249395905,0.05334453451043088,0.09417018249249849,0.03780925634577818,1.958957354227702,0.08254077097095358
"WienerNet-SS (diurnal, Wiener)",woodwalton,0.48719613598972317,0.012121608755743777,0.7032742950361222,0.14607679168717336,0.7402703332556513,0.14288907380155338,0.12985232236350294,0.05321869864738375,1.3916397492090862,0.11589303624620213
"WienerNet-SS (diurnal, state-space)",great_fen,0.9047789054154519,0.01308305602665479,0.8157067196292619,0.02554517951260231,0.8647798742138365,0.027561666303300817,0.04488424859494674,0.01563270375434521,2.6816587448120117,0.17078511416945819
"WienerNet-SS (diurnal, state-space)",redmere_1,1.255559618755218,0.790566969944422,0.9140876035853204,0.014725002233073093,0.9441907661085743,0.010584802661098446,0.06261093568346658,0.0030977444573577657,160.91853864987692,160.0615493747323
"WienerNet-SS (diurnal, state-space)",redmere_2,0.7271956083251022,0.0251788518376832,0.8713946695874407,0.05080890610012406,0.9140197152245345,0.040569887663339625,0.09949122057401226,0.022351617223923086,2.364735205968221,0.35372064195580494
"WienerNet-SS (diurnal, state-space)",rosedene,0.7297287940734511,0.005484275701629676,0.784306244435966,0.032612536452524626,0.8404235024799694,0.02776313624647893,0.059592949830171604,0.0211071295168787,2.0024537245432534,0.04174742054248138
"WienerNet-SS (diurnal, state-space)",woodwalton,0.5343416472296177,0.07698581218203344,0.7880835857997358,0.15189455865244597,0.817253165540278,0.13939416561596535,0.15019915977476525,0.06372256136766302,1.8297791878382366,0.7542043640583067
"WienerNet-SS (learned-diurnal, Wiener)",great_fen,0.9297129705003445,0.008149420157800328,0.8648212512413108,0.06646335651960288,0.9061569016881826,0.05374015769505927,0.06356715273918952,0.016607593579673056,2.972919543584188,0.17615686076913695
"WienerNet-SS (learned-diurnal, Wiener)",redmere_1,0.8532300422960676,0.13885277653175962,0.8559952646710638,0.037421065742895415,0.8972602739726027,0.03985899409721429,0.061049887369587746,0.01822946545874325,3.215655962626139,0.5491696819232187
"WienerNet-SS (learned-diurnal, Wiener)",redmere_2,0.7405121163922671,0.048512200593198065,0.8632712668857248,0.045128694306269465,0.9093647316538883,0.03605838739288223,0.08415344815476393,0.020648887498728376,2.4677886168162027,0.2139936348468115
"WienerNet-SS (learned-diurnal, Wiener)",rosedene,0.736003869770968,0.007083437060361904,0.7375365636525499,0.043365920192944954,0.801316291491797,0.03302413192459063,0.08425755087994667,0.02501702893299375,1.967481255531311,0.05029440803136702
"WienerNet-SS (learned-diurnal, Wiener)",woodwalton,0.657650861670629,0.2582473455101171,0.7036238639011886,0.16867132430887483,0.7478054843470829,0.16419087402485072,0.1875398395255443,0.09672664425581969,1.8814150094985962,0.8370497262869379
"WienerNet-SS (learned-diurnal, Wiener, +resid)",great_fen,0.9733163703783084,0.08062278047806141,0.8498841443230719,0.08168252816782744,0.8975918570009931,0.06288093969798397,0.09805063156879355,0.01928715924464046,2.9392979939778647,0.5305139093374669
"WienerNet-SS (learned-diurnal, Wiener, +resid)",redmere_1,2.5445398659025202,2.980151654589389,0.9027566379164552,0.014260994946469603,0.9375105699306613,0.010404935804052839,0.057390729661229635,0.013349368685867861,84.66375422477722,140.90160555670806
"WienerNet-SS (learned-diurnal, Wiener, +resid)",redmere_2,0.7342198877335674,0.020998479959532114,0.8484848484848485,0.016329982737116517,0.895947426067908,0.011863976769381107,0.06755878869892507,0.008646158605528887,2.296499172846476,0.19260963116411164
"WienerNet-SS (learned-diurnal, Wiener, +resid)",rosedene,0.7403144358473309,0.017493968385426682,0.7372981050489634,0.10306010176469392,0.8002034846750604,0.08828619066213839,0.10575579466042195,0.026974371283167365,2.017619808514913,0.15064180593858936
"WienerNet-SS (learned-diurnal, Wiener, +resid)",woodwalton,0.5019239427309933,0.008862825724821947,0.6184067427949973,0.0660587103326124,0.6730365882078769,0.06398789405381014,0.19791008636788796,0.04820333326015553,1.2841908931732178,0.031113807590903667
"WienerNet-SS (learned-diurnal, state-sp)",great_fen,0.9511573274122208,0.07180416314374233,0.8530701754385964,0.0581384636110381,0.89651605428666,0.0454422062199474,0.0563007320381721,0.023688171917335184,3.3867112000783286,1.1654995308067075
"WienerNet-SS (learned-diurnal, state-sp)",redmere_1,8.07444016545904,7.83786662350624,0.8887197699983088,0.01939658021230857,0.9251648909183157,0.015024954738671608,0.03709597411180962,0.013140872560286173,1122.332708120346,1182.3405133229962
"WienerNet-SS (learned-diurnal, state-sp)",redmere_2,0.7994607832816251,0.16048397462069233,0.8805677254472436,0.03316824735332772,0.9218236582694415,0.02404226035621354,0.09532047429686964,0.026654323236938164,2.8884881337483725,0.9984851968226547
"WienerNet-SS (learned-diurnal, state-sp)",rosedene,0.7337096951856287,0.0077160170996426174,0.7741955996439018,0.07585618678672322,0.8299790156428845,0.06110679336899773,0.064874634694891,0.04415949382356897,1.9791131416956584,0.0738158211547722
"WienerNet-SS (learned-diurnal, state-sp)",woodwalton,0.5745000092229865,0.04981498640735725,0.5292666822030606,0.32938936346892267,0.5750407830342578,0.3135774364799034,0.33578595180802623,0.16897303633886515,1.4975489775339763,0.32075682036904907
"WienerNet-SS (learned-diurnal, state-sp, +resid)",great_fen,0.9472133504616694,0.025501092279191406,0.8723932472691162,0.07501883301717197,0.9141426679907315,0.051750058199432424,0.085612926387876,0.005259921862525678,3.106409470240275,0.5756127221498848
"WienerNet-SS (learned-diurnal, state-sp, +resid)",redmere_1,2.248373669398309,1.4350882375556442,0.9211060375443937,0.01769031290878859,0.9526467106375782,0.011374109813955738,0.06337741705166709,0.026968352697283225,105.10179813702901,108.43722382830424
"WienerNet-SS (learned-diurnal, state-sp, +resid)",redmere_2,0.737985791817474,0.024104253849682043,0.8944414019715224,0.04486869083453201,0.9339174881343556,0.033781407953186515,0.10355864910187668,0.022855151304039922,2.753408670425415,0.42544063253010644
"WienerNet-SS (learned-diurnal, state-sp, +resid)",rosedene,0.7344546244667439,0.011313921049233242,0.788868752384586,0.09773535899983818,0.8430783415998983,0.07999319582374359,0.06362610767436683,0.04558256363084698,2.016910195350647,0.1331500648331196
"WienerNet-SS (learned-diurnal, state-sp, +resid)",woodwalton,0.524111987049763,0.039895356964448805,0.7082071001320593,0.11689343825420241,0.7571079002563504,0.10283338932195978,0.20802126311026314,0.06427785172101823,1.3953426281611125,0.04079922708178054
XGBoost,great_fen,,,,,,,,,1.610469102859497,0.0
XGBoost,redmere_1,,,,,,,,,1.347701907157898,0.0
XGBoost,redmere_2,,,,,,,,,1.6705604791641235,0.0
XGBoost,rosedene,,,,,,,,,1.7272568941116333,0.0
XGBoost,woodwalton,,,,,,,,,2.3056743144989014,0.0
